redcap_data_access_group,redcap_data_access_group_unlabelled,dag_id,place_name,postcode,country,lon,lat,ccg,postcode_start,city
Cardiff and Vale University Health Board,cardiff_and_vale_u,7AH41,Cardiff and Vale University Health Board,CF14 4XW,Wales,-3.1902577,51.50679580000001,W11000029,CF14,Cardiff
The Pennine Acute Hospitals NHS Trust,the_pennine_acute,01452,The Pennine Acute Hospitals NHS Trust,M8 5RB,England,-2.2294865,53.5178824,E38000217,M8,Manchester
The Pennine Acute Hospitals NHS Trust,the_pennine_acute,04152,The Pennine Acute Hospitals NHS Trust,M8 5RB,England,-2.2294865,53.5178824,E38000217,M8,Manchester
Aneurin Bevan University Health Board,aneurin_bevan_univ,11049,Aneurin Bevan University Health Board,NP11 5GH,Wales,-3.1404429,51.66249759999999,W11000028,NP11,Caerphilly
Aneurin Bevan University Health Board,aneurin_bevan_univ,11409,Aneurin Bevan University Health Board,NP11 5GH,Wales,-3.1404429,51.66249759999999,W11000028,NP11,Caerphilly
University College London Hospitals NHSFT,university_college,14142,University College London Hospitals NHSFT,NW1 2BU,England,-0.1363551,51.5250834,E38000027,NW1,Camden
The Pennine Acute Hospitals NHS Trust,the_pennine_acute,14151,The Pennine Acute Hospitals NHS Trust,M8 5RB,England,-2.2294865,53.5178824,E38000217,M8,Manchester
The Pennine Acute Hospitals NHS Trust,the_pennine_acute,14152,The Pennine Acute Hospitals NHS Trust,M8 5RB,England,-2.2294865,53.5178824,E38000217,M8,Manchester
The Pennine Acute Hospitals NHS Trust,the_pennine_acute,14153,The Pennine Acute Hospitals NHS Trust,M8 5RB,England,-2.2294865,53.5178824,E38000217,M8,Manchester
Alder Hey Children's Hospital,alder_hey_children,CBS25,Alder Hey Children's Hospital,L14 5AB,England,-2.8959056,53.4182405,E38000101,L14,Liverpool
Frimley Health NHSFT,frimley_health_nhs,DRU01,Frimley Health NHSFT,GU16 7UJ,England,-0.7405398999999999,51.319438,E38000178,GU16,Surrey Heath
"Queen Elizabeth University Hospital, Glasgow",queen_elizabeth_un,GN405,"Queen Elizabeth University Hospital, Glasgow",G51 4TF,Scotland,-4.3404361,55.8624213,S08000031,G51,Glasgow
Aberdeen Royal Infirmary,aberdeen_royal_inf,N100H,Aberdeen Royal Infirmary,AB25 2ZN,Scotland,-2.1359876,57.15461759999999,S08000020,AB25,Aberdeen
Livewell Southwest,livewell_southwest,NR501,Mount Gould Hospital,PL4 7QD,England,-4.111707,50.3789894,E38000230,PL4,Plymouth
Manchester University Hospital,manchester_univers,R0A01,Manchester University Hospital,M15 6FH,England,-2.2369592,53.4655956,E38000217,M15,Manchester
South Tyneside and Sunderland NHS Foundation Trust,south_tyneside_and,R0B0Q,South Tyneside and Sunderland NHS Foundation Trust,NE34 0PL,England,-1.4277704,54.9714091,E38000163,NE34,South Tyneside
Worcestershire Health and Care NHS Trust,worcestershire_hea,R1A0C,Worcestershire Health and Care NHS Trust,WR5 1JR,England,-2.1798262,52.19248289999999,E38000166,WR5,Worcester
King's College Hospital,kings_college_hosp,R1Z01,King's College Hospital,SE5 9RS,England,-0.0938548,51.4681404,E38000092,SE5,Lambeth
Torbay and south Devon Hospital,torbay_and_south_d,RA009,Torbay and south Devon Hospital,TQ2 7TD,England,-3.552757,50.4877399,E38000230,TQ2,Torbay
Weston Area Health NHS Trust,weston_area_health,RA7C2,Weston Area Health NHS Trust,BS23 4TQ,England,-2.9725926,51.32237,E38000222,BS23,North Somerset
Weston Area Health NHS Trust,weston_area_health,RA7C7,Weston Area Health NHS Trust,BS23 4TQ,England,-2.9725926,51.32237,E38000222,BS23,North Somerset
Mid and South Essex University Hospitals Group,mid_and_south_esseb,RAJ02,Mid and South Essex University Hospitals Group,SS1 1ND,England,0.7115467999999999,51.5377565,E38000168,SS1,Southend-on-Sea
Mid and South Essex University Hospitals Group,mid_and_south_esseb,RAT01,Mid and South Essex University Hospitals Group,SS1 1ND,England,0.7115467999999999,51.5377565,E38000168,SS1,Southend-on-Sea
Shrewsbury & Telford Hospital NHS Trust,shrewsbury__telfor,RAWAS,Royal Shrewsbury Hospital,SY3 8XQ,England,-2.7937374114990234,52.7093620300293,E38000147,SY3,Shropshire
Bedford Hospital NHS Trust,bedford_hospital_n,RC112,Bedford Hospital NHS Trust,MK42 9DJ,England,-0.4732078,52.1287579,E38000010,MK42,Bedford
East Sussex Healthcare NHS Trust,east_sussex_health,RCX01,East Sussex Healthcare NHS Trust,TN37 7PT,England,0.5681560999999999,50.88499119999999,E38000076,TN37,Hastings
Royal United Hospitals Bath NHSFT,royal_united_hospi,RD120,Royal United Hospitals Bath NHSFT,BA1 3NG,England,-2.3907418,51.3918072,E38000009,BA1,Bath and North East Somerset
Poole Hospital NHS Trust,poole_hospital_nhs,RD300,Poole Hospital NHS Trust,BH15 2JB,England,-1.9737912,50.7213497,E38000045,BH15,Poole
Basildon and Thurrock University Hospitals NHS,basildon_and_thurr,RDHH0,Basildon and Thurrock University Hospitals NHS,SS16 5NL,England,0.4514304,51.5582929,E38000007,SS16,Basildon
Sussex Community NHSFT,sussex_community_n,RDR05,Brighton General Hospital,BN2 3EW,England,0.1145,50.831,E38000021,BN2,Brighton and Hove
Ipswich Hospital,ipswich_hospital,RED03,Ipswich Hospital,IP4 5PD,England,1.1981153,52.0579075,E38000086,IP4,Ipswich
University Hospitals of North Midlands NHS Trust,university_hospital,REJ01,University Hospitals of North Midlands NHS Trust,ST4 6QG,England,-2.2129403,53.0038144,E38000175,ST4,Staffordshire
Aintree University Hospital,aintree_university,REM20,Aintree University Hospital,L9 7AL,England,-2.9317603,53.4656706,E38000101,L9,Liverpool
University Hospitals of Derby and Burton NHFT,university_hospitai,RGT02,University Hospitals of Derby and Burton NHFT,DE22 3NE,England,-1.5139933,52.9106394,E38000229,DE22,Derby
Cornwall Partnership NHSFT,cornwall_partnersh,RJ827,Cornwall Partnership NHSFT,PL31 2QN,England,-4.738597299999999,50.470256,E38000089,PL31,Cornwall
Lewisham and Greenwich NHS Trust,lewisham_and_green,RJ2319,Lewisham and Greenwich NHS Trust,SE4 2LA,England,-0.0422111,51.4570454,E38000098,SE4,Lewisham
Imperial College Healthcare NHS Trust,imperial_college_h,RJY02,Imperial College Healthcare NHS Trust,W2 1NY,England,-0.1743487,51.5178108,E38000202,W2,Westminster
George Eliot Hospital,george_eliot_hospi,RL101,George Eliot Hospital,CV10 7DJ,England,-1.4760659,52.5118749,E38000195,CV10,Nuneaton & Bedworth
Wirral University Teaching Hospital NHFT,wirral_university,RLB14,Wirral University Teaching Hospital NHFT,CH49 5PE,England,-3.094562,53.37042899999999,E38000208,CH49,Wirral
Salford Royal NHSFT,salford_royal_nhsf,RM304,Salford Royal NHSFT,M6 8HD,England,-2.3238955,53.487482,E38000143,M6,Salford
Whiston Hospital,whiston_hospital,RMN01,Whiston Hospital,L35 5DR,England,-2.7853229,53.4212302,E38000091,L35,Knowsley
"Chelsea and Westminster Hospital NHS, 369 Fulham Rd, London",chelsea__westminst,RMQ01,"Chelsea and Westminster Hospital NHS, 369 Fulham Rd, London",SW10 9NH,England,-0.182401,51.4849533,E38000202,SW10,Kensington and Chelsea
"Chelsea and Westminster Hospital NHS, 369 Fulham Rd, London",chelsea__westminst,RMQ91,"Chelsea and Westminster Hospital NHS, 369 Fulham Rd, London",SW10 9NH,England,-0.182401,51.4849533,E38000202,SW10,Kensington and Chelsea
Dartford and Gravesham NHS Trust,dartford_and_grave,RN070,Dartford and Gravesham NHS Trust,DA2 8DA,England,0.258883,51.4352521,E38000043,DA2,Dartford
North West Anglia NHSFT,north_west_anglia,RNG90,Peterborough City Hospital,PE3 9GZ,England,-0.2785687,52.5837926,E38000026,PE3,Peterborough
North Cumbria Integrated Care NHSFT,north_cumbria_inte,RNN62,North Cumbria Integrated Care NHSFT,CA11 7QE,England,-2.753599,54.667373,E38000215,CA11,Eden
West Cumberland Hospital,west_cumberland_ho,RNNBX,West Cumberland Hospital,CA28 8JG,England,-3.5631756,54.5302041,E38000215,CA28,Copeland
Royal Preston Hospital,royal_preston_hosp,RNX02,Royal Preston Hospital,PR2 9HT,England,-2.7040145,53.7908668,E38000227,PR2,Preston
Homerton University Hospital,homerton_universit,RQZM1,Homerton University Hospital,E9 6SR,England,-0.0461232,51.5504182,E38000035,E9,Hackney
University Hospitals Birmingham,university_hospitaf,RRK01,University Hospitals Birmingham,B15 2TH,England,-1.9429313,52.4512054,E38000220,B15,Birmingham
University Hospitals Birmingham,university_hospitaf,RRK02,University Hospitals Birmingham,B15 2TH,England,-1.9429313,52.4512054,E38000220,B15,Birmingham
University Hospitals Birmingham,university_hospitaf,RRK03,University Hospitals Birmingham,B15 2TH,England,-1.9429313,52.4512054,E38000220,B15,Birmingham
Wirral University Teaching Hospital NHFT,wirral_university,RRL14,Wirral University Teaching Hospital NHFT,CH49 5PE,England,-3.094562,53.37042899999999,E38000208,CH49,Wirral
North West Boroughs Healthcare NHSFT,north_west_borough,RTV33,North West Boroughs Healthcare NHSFT,WA2 8WA,England,-2.608387,53.4286247,E38000194,WA2,Warrington
East Kent Hospitals NHSFT,east_kent_hospital,RV001,William Harvey Hospital (Ashford),TN24 0LZ,England,0.9162230491638184,51.14148712158203,E38000002,TN24,Ashford
North West Boroughs Healthcare NHSFT,north_west_borough,RVT33,North West Boroughs Healthcare NHSFT,WA2 8WA,England,-2.608387,53.4286247,E38000194,WA2,Warrington
East Kent Hospitals NHSFT,east_kent_hospital,RVV00,Queen Elizabeth The Queen Mother Hospital,CT9 4AN,England,1.3893986940383911,51.3780517578125,E38000184,CT9,Kent
Lancashire & South Cumbria NHS Foundation Trust,lancashire__south,RW5JJ,Royal Preston Hospital,PR2 9HT,England,-2.7040145,53.7908668,E38000227,PR2,Preston
The Princess Alexandra Hospital,NA,RWQG0,The Princess Alexandra Hospital,CM20 1QX,England,0.0858092,51.77104989999999,E38000197,CM20,Harlow
Hertfordshire Partnership NHS Foundation Trust,hertfordshire_part,RWR01,Hertfordshire Partnership NHS Foundation Trust,AL3 5TQ,England,-0.3451309,51.7625796,E38000079,AL3,St Albans
Leicester Royal Infirmary,university_hospitaj,RWWAA,Leicester Royal Infirmary,LE1 5WW,England,-1.1354407,52.6257466,E38000097,LE1,Leicester
Cheshire and Wirral Partnership NHSFT,cheshire_and_wirra,RXADT,Cheshire and Wirral Partnership NHSFT,CH2 1BQ,England,-2.8998958,53.2120533,E38000196,CH2,Cheshire West and Chester
NUH Nottingham University Hosptial,nuh_nottingham_uni,RXICC,NUH Nottingham University Hosptial,NG5 1PB,England,-1.1570212,52.9904528,E38000132,NG5,Nottingham
East Lancashire Hospitals NHS Trust,east_lancashire_ho,RXR29,East Lancashire Hospitals NHS Trust,BB10 2PQ,England,-2.228172,53.809828,E38000050,BB10,Burnley
The Queen Elizabeth Hospital Kings Lynn NHS Foundation Trust,the_queen_elizabet,RXV70,The Queen Elizabeth Hospital Kings Lynn NHS Foundation Trust,PE30 4ET,England,0.4462463,52.7564633,E38000203,PE30,West Norfolk
Imperial College Healthcare NHS Trust,imperial_college_h,RYG03,Imperial College Healthcare NHS Trust,W2 1NY,England,-0.1743487,51.5178108,E38000202,W2,Westminster
Coventry & Warwickshire Partnership Trust,coventry__warwicks,RYGHQ,Caludon Centre,CV2 2TE,England,-1.4452332,52.4225547,E38000038,CV2,Coventry
Imperial College Healthcare NHS Trust,imperial_college_h,RYI01,Imperial College Healthcare NHS Trust,W2 1NY,England,-0.1743487,51.5178108,E38000202,W2,Westminster
Calderdale and Huddersfield NHS Trust,calderdale_and_hud,RYW01,Calderdale and Huddersfield NHS Trust,HD3 3EA,England,-1.8189892,53.65571629999999,E38000064,HD3,Kirklees
University Hospital of North Durham,university_hospita,RZPCP,University Hospital of North Durham,DH1 5TW,England,-1.5933009,54.7885266,E38000116,DH1,County Durham
Shrewsbury & Telford Hospital NHS Trust,shrewsbury__telfor,RZWAS,Royal Shrewsbury Hospital,SY3 8XQ,England,-2.79373741149902,52.7093620300293,E38000147,SY3,Shropshire
NHS Lothian,nhs_lothian,S341H,Royal Infirmary Of Edinburgh At Little France,EH16 4SA,Scotland,-3.1347719,55.9218084,S08000024,EH16,Edinburgh
NHS Lothian,nhs_lothian,SL116,Western General Hospital,EH4 2XU,Scotland,-3.2338808,55.9621052,S08000024,EH4,Edinburgh
Mid and South Essex University Hospitals Group,mid_and_south_esseb,TAJ01,Mid and South Essex University Hospitals Group,SS1 1ND,England,0.7115467999999999,51.5377565,E38000168,SS1,Southend-on-Sea
University Hospitals of Leicester,university_hospitaj,TWEAA,Leicester Royal Infirmary,LE1 5WW,England,-1.1348028,52.6278166,E38000097,LE1,Leicester
Bronglais General Hospital,bronglais_general,WB2AJ,Bronglais General Hospital,SY23 1ER,Wales,-4.0711821,52.4164121,W11000025,SY23,Ceredigion
Prince Philip Hospital,prince_philip_hosp,WB3AL,Prince Philip Hospital,SA14 8QF,Wales,-4.134687,51.6922205,W11000025,SA14,Carmarthenshire
Withybush General Hospital,withybush_general,WF1BL,Withybush General Hospital,SA61 2PZ,Wales,-4.9664014,51.81300479999999,W11000025,SA61,Pembrokeshire
Glan Clwyd Hospital,glan_clwyd_hospita,7A1A1,Ysbyty Glan Clwyd,LL18 5UJ,Wales,-3.4971896,53.27265509999999,W11000023,LL18,Conwy
Wrexham Maelor Hospital,wrexham_maelor_hos,7A1A4,Wrexham Maelor Hospital,LL13 7TD,Wales,-3.0101803,53.0461734,W11000023,LL13,Wrexham
Betsi Cadwaladr University Health Board,betsi_cadwaladr_un,7A1AU,Ysbyty Gwynedd,LL57 2PW,Wales,-4.1577568,53.2086374,W11000023,LL57,Gwynedd
Glangwili General Hospital,glangwili_general,7A2AA,Glangwili Hospital Child Health Section,SA31 2AF,Wales,-4.2833874,51.8673069,W11000025,SA31,Carmarthenshire
"Morriston Hospital, Swansea",morriston_hospital,7A3YA,Abertawe Bro Morgannwg University Lhb Bridgend Locality Office,CF31 3TP,Wales,-3.5506886,51.5024646,W11000030,CF31,Bridgend
University Hospital of Wales,university_hospitac,7A4BV,University Hospital Of Wales,CF14 4XW,Wales,-3.1889835,51.5062635,W11000029,CF14,Cardiff
Cardiff and Vale University Health Board,cardiff_and_vale_u,7A4H1,Noahs Ark Childrens Hospital For Wales,CF14 4XW,Wales,-3.1889835,51.5062635,W11000029,CF14,Cardiff
Cwm Taf Morgannwg University Health Board,cwm_taf_morgannwg,7A5B1,The Royal Glamorgan Hospital,CF72 8XR,Wales,-3.3905151,51.54798839999999,W11000030,CF72,Rhondda Cynon Taf
Cwm Taf Morgannwg University Health Board,cwm_taf_morgannwg,7A5B3,Prince Charles Hospital Site,CF47 9DT,Wales,-3.3861006,51.76433309999999,W11000030,CF47,Merthyr Tydfil
NHS Ayrshire and Arran,nhs_ayrshire_and_a,A111H,University Hospital Crosshouse,KA2 0BE,Scotland,-4.540130899999999,55.6135442,S08000015,KA2,East Ayrshire
NHS Ayrshire and Arran,nhs_ayrshire_and_a,A210H,University Hospital Ayr,KA6 6DX,Scotland,-4.5939607,55.428935,S08000015,KA6,East Ayrshire
Borders General Hospital,borders_general_ho,B120H,Borders General Hospital,TD6 9BS,Scotland,-2.7419408,55.5954785,S08000016,TD6,Scottish Borders
Golden Jubilee National Hospital,golden_jubilee_nat,D102H,Golden Jubilee National Hospital,G81 4DY,Scotland,-4.420353899999999,55.9059298,S08000031,G81,West Dunbartonshire
Victoria Hospital Kirkcaldy,victoria_hospital,F701H,Cameron Hospital,KY8 5RR,Scotland,-3.0606955,56.1866783,S08000029,KY8,Fife
Victoria Hospital Kirkcaldy,victoria_hospital,F704H,Victoria Hospital,KY2 5AH,Scotland,-3.1601871,56.1244623,S08000029,KY2,Fife
Victoria Hospital Kirkcaldy,victoria_hospital,F708H,Adamson Hospital,KY15 4JG,Scotland,-3.0181746,56.3244035,S08000029,KY15,Fife
Victoria Hospital Kirkcaldy,victoria_hospital,F716H,Glenrothes Hospital,KY7 5TG,Scotland,-3.182677,56.2049141,S08000029,KY7,Fife
"Queen Elizabeth University Hospital, Glasgow University Hospital Monklands Airdrie",queen_elizabeth_un,G405H,Queen Elizabeth University Hospital,G51 4TF,Scotland,-4.3392518,55.8626363,S08000031,G51,Glasgow
NHS Lanarkshire,nhs_lanarkshire,L106H,University Hospital Monklands,ML6 0JS,Scotland,-3.9998893,55.8657665,S08000032,ML6,North Lanarkshire
NHS Lanarkshire,nhs_lanarkshire,L302H,University Hospital Hairmyres,G75 8RG,Scotland,-4.221977,55.7594711,S08000032,G75,South Lanarkshire
NHS Lanarkshire,nhs_lanarkshire,L308H,University Hospital Wishaw,ML2 0DP,Scotland,-3.942015899999999,55.7736351,S08000032,ML2,North Lanarkshire
Aberdeen Royal Infirmary,aberdeen_royal_inf,N101H,Aberdeen Royal Infirmary,AB25 2ZN,Scotland,-2.1372687,57.1546973,S08000020,AB25,Aberdeen
NHS Lothian,nhs_lothian,S116H,Western General Hospital,EH4 2XU,Scotland,-3.2338808,55.9621052,S08000024,EH4,Edinburgh
NHS Lothian,nhs_lothian,S308H,St John's Hospital,EH54 6PP,Scotland,-3.5235687,55.8914559,S08000024,EH54,West Lothian
NHS Lothian,nhs_lothian,S314H,Royal Infirmary Of Edinburgh At Little France,EH16 4SA,Scotland,-3.1347719,55.9218084,S08000024,EH16,Edinburgh
Ninewells Hospital,ninewells_hospital,T101H,Ninewells Hospital,DD1 9SY,Scotland,-2.9913622,56.461653,S08000030,DD1,Dundee
NHS Forth Valley,nhs_forth_valley,V217H,Forth Valley Royal Hospital,FK5 4WR,Scotland,-3.850585199999999,56.0256532,S08000019,FK5,Falkirk
Manchester University Hospital,manchester_univers,R0A02,Manchester Royal Infirmary,M13 9WL,England,-2.2247702,53.4613471,E38000217,M13,Manchester
Manchester University Hospital,manchester_univers,R0A03,Royal Manchester Children's Hospital,M13 9WL,England,-2.2249666,53.4601835,E38000217,M13,Manchester
Manchester University Hospital,manchester_univers,R0A07,Wythenshawe Hospital,M23 9LT,England,-2.2930844,53.3890992,E38000217,M23,Manchester
Manchester University Hospital,manchester_univers,R0A09,Trafford General Hospital,M41 5SL,England,-2.370566,53.4537139,E38000187,M41,Trafford
Isle of Wight NHS Trust,isle_of_wight_nhs,R1F01,St Mary's Hospital,PO30 5TG,England,-1.3013053,50.7108095,E38000087,PO30,Isle of Wight
St Bartholomews,st_bartholomews,R1H12,The Royal London Hospital,E1 1FR,England,-0.0585176,51.5182221,E38000186,E1,Tower Hamlets
Northwick Park,northwick_park,R1K01,Northwick Park Hospital,HA1 3UJ,England,-0.3195181,51.57515009999999,E38000020,HA1,Harrow
Northwick Park,northwick_park,R1K02,Central Middlesex Hospital,NW10 7NS,England,-0.2686757,51.53096499999999,E38000020,NW10,Brent
London North West University Healthcare NHS Trust,london_north_west,R1K04,Ealing Hospital,UB1 3HW,England,-0.3456642,51.5075825,E38000048,UB1,Ealing
Royal Surrey NHSFT,royal_surrey_nhsft,RA201,Royal Surrey County Hospital,GU2 7XX,England,-0.6085178,51.2411243,E38000214,GU2,Guildford
Yeovil District Hospital,yeovil_district_ho,RA430,Yeovil District Hospital,BA21 4AT,England,-2.6345485,50.9448415,E38000150,BA21,South Somerset
Bristol Royal Infirmary,bristol_royal_infi,RA701,Bristol Royal Infirmary,BS2 8HW,England,-2.5967856,51.458344,E38000222,BS2,Bristol
University Hospitals Bristol NHFT,university_hospitag,RA707,St Michael's Hospital,BS2 8EG,England,-2.6,51.4591667,E38000222,BS2,Bristol
University Hospitals Bristol NHFT,university_hospitag,RA723,Bristol Royal Hospital For Children,BS2 8BJ,England,-2.5971828,51.4578733,E38000222,BS2,Bristol
Torbay and south Devon Hospital,torbay_and_south_d,RA901,Torbay Hospital,TQ2 7AA,England,-3.5539082,50.4823211,E38000230,TQ2,Torbay
Bradford Teaching Hospitals NHSFT,bradford_teaching,RAE01,Bradford Royal Infirmary,BD9 6RJ,England,-1.7966408,53.806631,E38000019,BD9,Bradford
Mid and South Essex University Hospitals Group,mid_and_south_esseb,RAJ01,Southend Hospital,SS0 0RY,England,0.6877327999999999,51.5538593,E38000168,SS0,Southend-on-Sea
Royal Free Hospital,royal_free_hospita,RAL01,Royal Free Hospital,NW3 2QG,England,-0.1659994,51.55314749999999,E38000027,NW3,Camden
North Middlesex University Hospital NHST,north_middlesex_un,RAPNM,North Middlesex University Hospital,N18 1QX,England,-0.07434059999999999,51.6131219,E38000057,N18,Enfield
Hillingdon Hospital,hillingdon_hospita,RAS01,Hillingdon Hospital,UB8 3NN,England,-0.4612385,51.5252078,E38000082,UB8,Hillingdon
Kingston Hospital NHS Foundation Trust,kingston_hospital,RAX01,Kingston Hospital,KT2 7QB,England,-0.2820917,51.4150364,E38000090,KT2,Kingston upon Thames
Musgrove Park Hospital,musgrove_park_hosp,RBA11,Musgrove Park Hospital,TA1 5DA,England,-3.1197782,51.0119699,E38000150,TA1,Somerset
Dorset County Hospital NHFT,dorset_county_hosp,RBD01,Dorset County Hospital,DT1 2JY,England,-2.4460789,50.7129307,E38000045,DT1,West Dorset
Walsall Healthcare NHST,walsall_healthcare,RBK02,Manor Hospital,WS2 9PS,England,-1.9986992,52.5829306,E38000191,WS2,Walsall
Wirral University Teaching Hospital NHFT,wirral_university,RBL14,Arrowe Park Hospital,CH49 5PE,England,-3.0953283,53.369813,E38000208,CH49,Wirral
Whiston Hospital,whiston_hospital,RBN01,Whiston Hospital,L35 5DR,England,-2.7853229,53.4212302,E38000091,L35,Knowsley
Royal Liverpool & Broadgreen University Hospitals NHSFT,royal_liverpool__b,RBQHQ,Liverpool Heart And Chest Hospital,L14 3PE,England,-2.8995803000000002,53.41196799999999,E38000101,L14,Liverpool
Mid Cheshire Hospital Trust,mid_cheshire_hospi,RBT20,Leighton Hospital,CW1 4QJ,England,-2.4765188,53.1184442,E38000151,CW1,Cheshire East
The Christie NHSFT,the_christie_nhsft,RBV01,The Christie Main Site,M20 4BX,England,-2.2304992,53.4299933,E38000217,M20,Manchester
Northern Devon Healthcare Trust,northern_devon_hea,RBZ12,North Devon District Hospital,EX31 4JB,England,-4.0506281,51.0924056,E38000230,EX31,Exeter
Luton and Dunstable,luton_and_dunstabl,RC971,Luton And Dunstable Hospital,LU4 0DZ,England,-0.4746371,51.8947933,E38000102,LU4,Luton
York Teaching Hospital NHS Foundation Trust,york_teaching_hosp,RCB55,The York Hospital,YO31 8HE,England,-1.0835525,53.9699846,E38000188,YO31,York
York Teaching Hospital NHS Foundation Trust,york_teaching_hosp,RCBCA,Scarborough Hospital,YO12 6QL,England,-0.4373861,54.2815045,E38000145,YO12,North Yorkshire
Harrogate District Hospital,harrogate_district,RCD01,Harrogate District Hospital,HG2 7SX,England,-1.5176764,53.99363959999999,E38000073,HG2,Harrogate
Airedale General Hospital,airedale_general_h,RCF22,Airedale General Hospital,BD20 6TD,England,-1.964165,53.89774389999999,E38000001,BD20,Bradford
Sheffield Children's NHS Foundation Trust,sheffield_children,RCUEF,Sheffield Children's Hospital,S10 2TH,England,-1.4895067,53.3804284,E38000146,S10,Sheffield
The Queen Elizabeth Hospital Kings Lynn NHS Foundation Trust,the_queen_elizabet,RCX70,The Queen Elizabeth Hospital,PE30 4ET,England,0.4462463,52.7564633,E38000203,PE30,West Norfolk
Royal United Hospitals Bath NHSFT,royal_united_hospi,RD130,Royal United Hospitals,BA1 3NG,England,-2.3907418,51.3918072,E38000009,BA1,Bath and North East Somerset
Milton Keynes University Hospital,milton_keynes_univ,RD816,Milton Keynes Hospital,MK6 5LD,England,-0.7351835999999999,52.0280676,E38000107,MK6,Milton Keynes
Basildon and Thurrock University Hospitals NHS,basildon_and_thurr,RDDH0,Basildon University Hospital,SS16 5NL,England,0.4528707,51.5587488,E38000007,SS16,Basildon
Ipswich Hospital,ipswich_hospital,RDE03,Ipswich Hospital,IP4 5PD,England,1.1981153,52.0579075,E38000086,IP4,Ipswich
East Suffolk and North Essex NHFT,east_suffolk_and_n,RDEE4,Colchester General Hospital,CO4 5JL,England,0.8988999000000001,51.9098567,E38000117,CO4,Colchester
Frimley Health NHSFT,frimley_health_nhs,RDU01,Frimley Park Hospital,GU16 7UJ,England,-0.7405398999999999,51.319438,E38000178,GU16,Surrey Heath
Frimley Health NHSFT,frimley_health_nhs,RDU50,Wexham Park Hospital,SL2 4HL,England,-0.5742039999999999,51.5323919,E38000224,SL2,South Buckinghamshire
Royal Bournemouth and Christchurch Hospitals NHS Foundation Trust,royal_bournemouth,RDZ20,Royal Bournemouth Hospital,BH7 7DW,England,-1.821717,50.7469629,E38000045,BH7,Bournemouth
Royal Cornwall,royal_cornwall,REF12,Royal Cornwall Hospital (Treliske),TR1 3LQ,England,-5.0922396,50.2662301,E38000089,TR1,Cornwall
Aintree University Hospital,aintree_university,REM21,Aintree University Hospital,L9 7AL,England,-2.9317603,53.4656706,E38000101,L9,Liverpool
Royal Liverpool & Broadgreen University Hospitals NHSFT,royal_liverpool__b,REMRQ,Royal Liverpool University Hospital,L7 8XP,England,-2.9641248,53.4093831,E38000101,L7,Liverpool
Liverpool Women's Hospital,liverpool_womens_h,REP01,Liverpool Women's Nhs Foundation Trust,L8 7SS,England,-2.959683,53.398919,E38000101,L8,Liverpool
Barking Havering and Redbridge University NHST,barking_havering_a,RF4QH,Queen's Hospital,RM7 0AG,England,0.1790309,51.5689553,E38000077,RM7,Havering
Barnsley Hospital,barnsley_hospital,RFFAA,Barnsley Hospital,S75 2EP,England,-1.4995888,53.5582693,E38000006,S75,Barnsley
The Rotherham NHSFT,the_rotherham_nhsf,RFRPA,Rotherham Hospital,S60 2UD,England,-1.3425348,53.4142658,E38000141,S60,Rotherham
Chesterfield Royal Hospital NHSFT,chesterfield_royal,RFSDA,Chesterfield Royal Hospital,S44 5BL,England,-1.3974218,53.2364336,E38000229,S44,Bolsover
Royal Papworth Hospital NHSFT,royal_papworth_hos,RGM21,Royal Papworth Hospital,CB2 0AY,England,0.1368829,52.1730674,E38000026,CB2,Cambridge
North West Anglia NHSFT,north_west_anglia,RGN80,Peterborough City Hospital,PE3 9GZ,England,-0.2785687,52.5837926,E38000026,PE3,Peterborough
North West Anglia NHSFT,north_west_anglia,RGN90,Hinchingbrooke Hospital,PE29 6NT,England,-0.2026619,52.3328553,E38000026,PE29,Huntingdonshire
James Paget University Hospitals,james_paget_univer,RGP75,James Paget University Hospital,NR31 6LA,England,1.7178975,52.5618322,E38000063,NR31,Norfolk
West Suffolk Hospital,west_suffolk_hospi,RGR50,West Suffolk Hospital,IP33 2QZ,England,0.709248,52.2316146,E38000204,IP33,St Edmundsbury
Addenbrookes Hospital,addenbrookes_hospi,RGT01,Addenbrooke's,CB2 0QQ,England,0.1407275,52.1751006,E38000026,CB2,Cambridge
Royal Devon and Exeter Hospital,royal_devon_and_ex,RH801,Royal Devon And Exeter Hospital (Wonford),EX2 5DW,England,-3.5066567,50.71625940000001,E38000230,EX2,Exeter
University Hospital Southampton NHS Foundation Trust,queen_elizabeth_un,RHM01,Southampton General Hospital,SO16 5YA,England,-1.434881,50.9353402,E38000167,SO16,Southampton
Sheffield Teaching Hospitals NHS Foundation Trust,sheffield_teaching,RHQHH,Royal Hallamshire Hospital,S10 2JF,England,-1.493465,53.3784722,E38000146,S10,Sheffield
Portsmouth Hospitals NHS Trust,portsmouth_hospita,RHU03,Queen Alexandra Hospital,PO6 3LY,England,-1.0700809,50.84998299999999,E38000137,PO6,Hampshire
Royal Berkshire Hospital,royal_berkshire_ho,RHW01,Royal Berkshire Hospital,RG1 5AN,England,-0.9581843999999999,51.4492924,E38000221,RG1,Berkshire
Guys and St Thomas,guys_and_st_thomas,RJ122,St Thomas',SE1 7EH,England,-0.1189201,51.4991229,E38000092,SE1,Southwark
Lewisham and Greenwich NHS Trust,lewisham_and_green,RJ224,University Hospital Lewisham,SE13 6LH,England,-0.0170139,51.45306249999999,E38000098,SE13,Lewisham
Lewisham and Greenwich NHS Trust,lewisham_and_green,RJ231,Queen Elizabeth Hospital,SE18 4QH,England,0.0500086,51.477949,E38000066,SE18,Greenwich
Croydon Health Services NHS Trust,croydon_health_ser,RJ611,Croydon University Hospital,CR7 7YE,England,-0.1111861,51.3892939,E38000040,CR7,Croydon
Warwick Hospital,warwick_hospital,RJC02,Warwick Hospital,CV34 5BW,England,-1.5837413,52.2903799,E38000164,CV34,Warwick
University Hospitals of North Midlands NHST,university_hospital,RJE01,Royal Stoke University Hospital,ST4 6QG,England,-2.2129403,53.0038144,E38000175,ST4,Staffordshire
University Hospitals of North Midlands NHST,university_hospital,RJE09,County Hospital,ST16 3SA,England,-2.09816,52.8107173,E38000173,ST16,Staffordshire
Northern Lincolnshire and Goole NHSFT,northern_lincolnsh,RJL30,Diana,DN33 2BA,England,-0.0952845,53.54485440000001,E38000119,DN33,North East Lincolnshire
Northern Lincolnshire and Goole NHSFT,northern_lincolnsh,RJL32,Scunthorpe General Hospital,DN15 7BH,England,-0.6670105000000001,53.5873453,E38000122,DN15,North Lincolnshire
Macclesfield District General Hospital,macclesfield_distr,RJN71,Macclesfield District General Hospital,SK10 3BL,England,-2.1416683,53.2621328,E38000056,SK10,Cheshire East
Countess Of Chester Hospital,countess_of_cheste,RJR05,Countess Of Chester Hospital,CH2 1UL,England,-2.8972333,53.2098063,E38000196,CH2,Cheshire West and Chester
King's College Hospital,kings_college_hosp,RJZ01,King's College Hospital,SE5 9RS,England,-0.0938548,51.4681404,E38000092,SE5,Lambeth
Sherwood Forest Hospitals NHSFT,sherwood_forest_ho,RK5BC,King's Mill Hospital,NG17 4JL,England,-1.2345498,53.1357763,E38000103,NG17,Ashfield
University Hospital Plymouth,university_hospitad,RK950,Derriford Hospital,PL6 8DH,England,-4.116408,50.4166994,E38000230,PL6,Plymouth
University Hospitals Coventry and Warwickshire,university_hospitah,RKB01,University Hospital (Coventry),CV2 2DX,England,-1.4376872,52.4211586,E38000038,CV2,Coventry
Whittington Health NHST,whittington_health,RKEQ4,The Whittington Hospital,N19 5NF,England,-0.1393766,51.5665092,E38000088,N19,Islington
The Royal Wolverhampton NHS Trust,the_royal_wolverha,RL403,New Cross Hospital,WV10 0QP,England,-2.0953929,52.5995052,E38000210,WV10,Wolverhampton
Robert Jones,robert_jones,RL131,The Robert Jones And Agnes Hunt Orthopaedic Hospital,SY10 7AG,England,-3.0335905,52.88446709999999,E38000147,SY10,Shropshire
Hereford Hospital,hereford_hospital,RLQ01,The County Hospital,HR1 2ER,England,-2.7058348,52.0574483,E38000078,HR1,Hereford
George Eliot Hospital,george_eliot_hospi,RLT01,George Eliot Hospital,CV10 7DJ,England,-1.4760659,52.5118749,E38000195,CV10,Nuneaton & Bedworth
Norfolk and Norwich University Hospital NHSFT,norfolk_and_norwic,RM102,Norfolk And Norwich University Hospital,NR4 7UY,England,1.2210669,52.6180858,E38000219,NR4,Norfolk
Salford Royal NHSFT,salford_royal_nhsf,RM301,Salford Royal,M6 8HD,England,-2.3238955,53.487482,E38000143,M6,Salford
Bolton NHST,bolton_nhst,RMC01,Royal Bolton Hospital,BL4 0JR,England,-2.4300561,53.5524262,E38000016,BL4,Bolton
Tameside Hospital Integrated Care NHSFT,tameside_hospital,RMP01,Tameside & Glossop Integrated Care Nhs Foundation Trust,NA,England,-2.0809891,53.4805828,NA,NA,NA
Norfolk and Suffolk NHS Foundation Trust,norfolk_and_suffol,RMY01,Wellbeing Norfolk & Waveney,NR1 4DY,England,1.299845,52.6304112,E38000218,NR1,Norfolk
Great Western NHS FT,great_western_nhs,RN325,The Great Western Hospital,SN3 6BB,England,-1.7273262,51.538415,E38000181,SN3,Swindon
Royal Hampshire County Hospital,royal_hampshire_co,RN506,Basingstoke And North Hampshire Hospital,RG24 9NA,England,-1.1111343,51.2803791,E38000120,RG24,Hampshire
Royal Hampshire County Hospital,royal_hampshire_co,RN541,Royal Hampshire County Hospital,SO22 5DG,England,-1.3292518,51.0617768,E38000198,SO22,Winchester
Dartford and Gravesham NHS Trust,dartford_and_grave,RN707,Darent Valley Hospital,DA2 8DA,England,0.258883,51.4352521,E38000043,DA2,Dartford
The Dudley Group NHSFT,the_dudley_group_n,RNA01,Russells Hall Hospital,DY1 2HQ,England,-2.1189906,52.50251420000001,E38000046,DY1,Dudley
North Cumbria Integrated Care NHSFT,north_cumbria_inte,RNNCB,Cockermouth Community Hospital,CA13 9HT,England,-3.3584645,54.6671369,E38000215,CA13,Allerdale
Kettering General Hospital NHSFT,kettering_general,RNQ51,Kettering General Hospital,NN16 8UZ,England,-0.7416706,52.4018398,E38000108,NN16,Kettering
Northampton General Hospital NHS Trust,northampton_genera,RNS01,Northampton General Hospital (Acute),NN1 5BD,England,-0.8842779,52.23613659999999,E38000108,NN1,Northampton
Doncaster and Bassetlaw Teaching Hospitals NHFT,doncaster_and_bass,RP5BA,Bassetlaw Hospital,S81 0BD,England,-1.1103379,53.3165473,E38000008,S81,Bassetlaw
Doncaster and Bassetlaw Teaching Hospitals NHFT,doncaster_and_bass,RP5DR,Doncaster Royal Infirmary,DN2 5LT,England,-1.1095729,53.5308139,E38000044,DN2,Doncaster
Great Ormond Street Hospital,great_ormond_stree,RP401,Great Ormond Street Hospital,WC1N 3JH,England,-0.1207462,51.5218626,E38000027,WC1N,Camden
Medway NHSFT,medway_nhsft,RPA02,Medway Maritime Hospital,ME7 5NY,England,0.5416722,51.3796444,E38000104,ME7,Medway
The Royal Marsden NHST,the_royal_marsden,RPY01,The Royal Marsden Hospital (London),SW3 6JJ,England,-0.1729471,51.49097889999999,E38000202,SW3,Kensington and Chelsea
The Royal Marsden NHST,the_royal_marsden,RPY02,The Royal Marsden Hospital (Surrey),SM2 5PT,England,-0.1910219,51.34344859999999,E38000179,SM2,Sutton
Mid and South Essex University Hospitals Group,mid_and_south_esseb,RQ8L0,Broomfield Hospital,CM1 7ET,England,0.4667492,51.7744639,E38000106,CM1,Chelmsford
Birmingham Women's & Children's NHS Foundation Trust,birmingham_womens,RQ301,Birmingham Children's Hospital,B4 6NH,England,-1.8937147,52.4847654,E38000220,B4,Birmingham
Chelsea & Westminster Hospital,chelsea__westminst,RQM01,Chelsea And Westminster Hospital,SW10 9NH,England,-0.182401,51.4849533,E38000202,SW10,Kensington and Chelsea
The Princess Alexandra Hospital,the_princess_alexa,RQWG0,Princess Alexandra Hospital,CM20 1QX,England,0.0858092,51.77104989999999,E38000197,CM20,Harlow
Homerton University Hospital,homerton_universit,RQXM1,Homerton University Hospital,E9 6SR,England,-0.0461232,51.5504182,E38000035,E9,Hackney
Gateshead Health NHSFT,gateshead_health_n,RR7EN,Queen Elizabeth Hospital,NE9 6SX,England,-1.5821895,54.9385771,E38000212,NE9,Gateshead
The Leeds Teaching Hospitals NHST,the_leeds_teaching,RR801,Leeds General Infirmary,LS1 3EX,England,-1.551571,53.8029114,E38000225,LS1,Leeds
The Leeds Teaching Hospitals NHST,the_leeds_teaching,RR813,St James's Hospital,LS9 7TF,England,-1.5220971,53.8076035,E38000225,LS9,Leeds
Royal Albert Edward Infirmary,royal_albert_edwar,RRF02,Royal Albert Edward Infirmary,WN1 2NN,England,-2.6294065,53.5581785,E38000205,WN1,Wigan
Cambridge and Peterborough NHS Foundation Trust,cambridge_and_pete,RT113,Fulbourn Hospital,CB21 5EF,England,0.18769,52.184934,E38000026,CB21,Cambridge
Royal Brompton and Harefield NHFT,royal_brompton_and,RT301,Harefield Hospital,UB9 6JH,England,-0.482717,51.60689199999999,E38000082,UB9,South Buckinghamshire
Royal Brompton and Harefield NHFT,royal_brompton_and,RT302,Royal Brompton Hospital,SW3 6NP,England,-0.170181,51.489249,E38000202,SW3,Kensington and Chelsea
The Newcastle upon Tyne Hospitals NHSFT,the_newcastle_upon,RTD02,The Royal Victoria Infirmary,NE1 4LP,England,-1.6190553,54.98020570000001,E38000212,NE1,Newcastle
Gloucester Royal Hospital,gloucester_royal_h,RTE03,Gloucestershire Royal Hospital,GL1 3NN,England,-2.232898,51.8660784,E38000062,GL1,Gloucester
Northumbria Healthcare NHS Trust,northumbria_health,RTF86,Northumbria Specialist Emergency Care Hospital,NE23 6NZ,England,-1.5693347,55.0742008,E38000130,NE23,Northumberland
Northumbria Healthcare NHS Trust,northumbria_health,RTFED,Wansbeck General Hospital,NE63 9JJ,England,-1.5467146,55.1842407,E38000130,NE63,Northumberland
Northumbria Healthcare NHS Trust,northumbria_health,RTFFS,North Tyneside General Hospital,NE29 8NH,England,-1.467913,55.0254219,E38000127,NE29,North Tyneside
University Hospitals of Derby and Burton NHFT,university_hospitai,RTG02,Burton Hospital,DE13 0RB,England,-1.6561124,52.8175628,E38000053,DE13,East Staffordshire
Oxford University Hospitals NHSFT,oxford_university,RTH08,John Radcliffe Hospital,OX3 9DU,England,-1.2188774,51.764391,E38000136,OX3,Oxford
Ashford and St Peters Hospital NHSFT,ashford_and_st_pet,RTK01,St Peter's Hospital,KT16 0PZ,England,-0.5276927,51.3773496,E38000128,KT16,Runnymede
Surrey and Sussex Healthcare NHST,surrey_and_sussex,RTP04,East Surrey Hospital,RH1 5RH,England,-0.1624018,51.2189735,E38000054,RH1,Reigate and Banstead
Gloucestershire Health and Care NHS Foundation Trust,gloucestershire_he,RTQ01,Charlton Lane Hospital,GL53 9DZ,England,-2.0736736,51.8810587,E38000062,GL53,Tewkesbury
South Tees Hospital NHS Foundation Trust,south_tees_hospita,RTRAT,The James Cook University Hospital,TS4 3BW,England,-1.2146772,54.5512379,E38000162,TS4,Middlesbrough
University Hospitals Of Morecambe Bay,university_hospitak,RTX02,Royal Lancaster Infirmary,LA1 4RP,England,-2.7995125,54.0423015,E38000228,LA1,Lancaster
University Hospitals Of Morecambe Bay,university_hospitak,RTXBU,Furness General Hospital,LA14 4LF,England,-3.209166,54.136621,E38000228,LA14,Barrow-in-Furness
University Hospitals Of Morecambe Bay,university_hospitak,RTXBW,Westmorland General Hospital,LA9 7RG,England,-2.732387,54.30653299999999,E38000228,LA9,South Lakeland
Southmead Hospital,southmead_hospital,RVJ01,Southmead Hospital,BS10 5NB,England,-2.5916111,51.4968176,E38000222,BS10,Bristol
Epsom & St Helier NHSFT,epsom__st_helier_n,RVR05,St Helier Hospital,SM5 1AA,England,-0.1847495,51.3804081,E38000179,SM5,Sutton
East Kent Hospitals NHSFT,east_kent_hospital,RVV01,William Harvey Hospital (Ashford),TN24 0LZ,England,0.9144713,51.1414328,E38000002,TN24,Ashford
East Kent Hospitals NHSFT,east_kent_hospital,RVV09,Queen Elizabeth The Queen Mother Hospital,CT9 4AN,England,1.3880993,51.376831,E38000184,CT9,Kent
East Kent Hospitals NHSFT,east_kent_hospital,RVVKC,Kent And Canterbury Hospital,CT1 3NG,England,1.0870102,51.2656432,E38000029,CT1,Kent
University Hospital of North Tees,university_hospitab,RVWAE,University Hospital Of North Tees,TS19 8PE,England,-1.3472709,54.58249679999999,E38000075,TS19,Stockton-on-Tees
Southport and Ormskirk Hospital NHS Trust,southport_and_orms,RVY01,Southport And Formby District General Hospital,PR8 6PN,England,-2.9783424,53.6338135,E38000170,PR8,Sefton
Southern Health NHS Foundation Trust,southern_health_nh,RW154,Moorgreen Hospital,SO30 3JB,England,-1.3230366,50.9286512,E38000198,SO30,Eastleigh
Merseycare NHS Foundation Trust,merseycare_nhs_fou,RW404,Ashworth Hospital,L31 1HW,England,-2.91282,53.5194542,E38000161,L31,Sefton
Fairfield General Hospital,fairfield_general,RW601,Fairfield General Hospital,BL9 7TD,England,-2.254241,53.6007223,E38000024,BL9,Bury
The Royal Oldham Hospital,the_royal_oldham_h,RW603,Royal Oldham Hospital,OL1 2JH,England,-2.1234986,53.55354999999999,E38000135,OL1,Oldham
Hull University Teaching Hospitals,hull_university_te,RWA01,Hull Royal Infirmary,HU3 2JZ,England,-0.3582799,53.74422029999999,E38000085,HU3,Kingston upon Hull
Hull University Teaching Hospitals,hull_university_te,RWA16,Castle Hill Hospital,HU16 5JQ,England,-0.442392,53.7777995,E38000052,HU16,East Riding of Yorkshire
United Lincolnshire Hospital NHST,united_lincolnshir,RWDDA,Lincoln County Hospital,LN2 5QY,England,-0.518118,53.2332975,E38000100,LN2,West Lindsey
United Lincolnshire Hospital NHST,united_lincolnshir,RWDLA,Pilgrim Hospital,PE21 9QS,England,-0.0106477,52.9907719,E38000099,PE21,Boston
United Lincolnshire Hospital NHST,united_lincolnshir,RWDLP,Grantham And District Hospital,NG31 8DG,England,-0.6406482,52.9210011,E38000165,NG31,South Kesteven
University Hospitals of Leicester,university_hospitaj,RWEAA,Leicester Royal Infirmary,LE1 5WW,England,-1.1354407,52.6257466,E38000097,LE1,Leicester
Maidstone and Tunbridge Wells NHST,maidstone_and_tunb,RWF03,Maidstone Hospital,ME16 9QQ,England,0.485145,51.274771200000004,E38000199,ME16,Maidstone
Maidstone and Tunbridge Wells NHST,maidstone_and_tunb,RWFTW,Tunbridge Wells Hospital At Pembury,TN2 4QJ,England,0.3069464,51.1483335,E38000199,TN2,Tunbridge Wells
West Hertfordshire Hospitals NHST,west_hertfordshire,RWG02,Watford General Hospital,WD18 0HB,England,-0.4032607,51.648629,E38000079,WD18,Watford
East and North Hertfordshire NHST,east_and_north_her,RWH01,Lister Hospital,SG1 4AB,England,-0.2126828,51.92415810000001,E38000049,SG1,Stevenage
Stockport NHSFT,stockport_nhsft,RWJ09,Stepping Hill Hospital,SK2 7JE,England,-2.1330857,53.3843913,E38000174,SK2,Stockport
Worcestershire Acute Hospitals NHS Trust,worcestershire_acu,RWP50,Worcestershire Royal Hospital,WR5 1DD,England,-2.1811171,52.1912499,E38000166,WR5,Worcester
Devon Partnership NHS Trust,devon_partnership,RWV62,Wonford House,EX2 5AF,England,-3.5062778,50.7153144,E38000230,EX2,Exeter
Warrington and Halton Teaching Hospitals NHS Foundation Trust,warrington_and_hal,RWWWH,Warrington Hospital,WA5 1QG,England,-2.6100393,53.39386820000001,E38000194,WA5,Warrington
Calderdale and Huddersfield NHS Trust,calderdale_and_hud,RWY01,Huddersfield Royal Infirmary,HD3 3EA,England,-1.8157482,53.6552958,E38000064,HD3,Kirklees
NUH Nottingham University Hosptial,nuh_nottingham_uni,RX1CC,Nottingham University Hospitals Nhs Trust - City Campus,NG5 1PB,England,-1.1570212,52.9904528,E38000132,NG5,Nottingham
NUH Nottingham University Hosptial,nuh_nottingham_uni,RX1RA,Nottingham University Hospitals Nhs Trust - Queen's Medical Centre Campus,NG7 2UH,England,-1.1850038,52.9435955,E38000132,NG7,Nottingham
"Cumbria, Northumberland, Tyne and Wear NHS Foundation Trust",cumbria_northumber,RX4E4,St Nicholas Hospital,NE3 3XT,England,-1.6348937,55.0062898,E38000212,NE3,Newcastle
"Tees, Esk and Wear Valleys NHS Foundation Trust",tees_esk_and_wear,RX301,Tees,DL2 2TS,England,NA,54.54356766,E38000042,DL2,Darlington
East Sussex Healthcare NHS Trust,east_sussex_health,RXC01,Conquest Hospital,TN37 7RD,England,0.5677508,50.8853813,E38000076,TN37,Hastings
East Sussex Healthcare NHS Trust,east_sussex_health,RXC02,Eastbourne District General Hospital,BN21 2UD,England,0.2692998,50.7864002,E38000055,BN21,Eastbourne
Mid Yorkshire Hospitals NHST,mid_yorkshire_hosp,RXF05,Pinderfields Hospital,WF1 4DG,England,-1.4859205,53.6948876,E38000190,WF1,Wakefield
Brighton and Sussex University Hospitals NHST,brighton_and_susse,RXH01,Royal Sussex County Hospital,BN2 5BE,England,-0.1182958,50.8193472,E38000021,BN2,Brighton and Hove
Brighton and Sussex University Hospitals NHST,brighton_and_susse,RXH09,Princess Royal Hospital,RH16 4EX,England,-0.09128340000000001,50.9908007,E38000083,RH16,Mid Sussex
Sandwell and West Birmingham NHST,sandwell_and_west,RXK01,Sandwell District General Hospital,B71 4HJ,England,-1.9878844,52.5273566,E38000144,B71,Sandwell
Sandwell and West Birmingham NHST,sandwell_and_west,RXK02,City Hospital,B18 7QH,England,-1.9325148,52.4874527,E38000144,B18,Birmingham
Blackpool Teaching Hospitals NHSFT,blackpool_teaching,RXL01,Blackpool Victoria Hospital,FY3 8NR,England,-3.0137516,53.820588,E38000015,FY3,Blackpool
Royal Preston Hospital,royal_preston_hosp,RXN02,Royal Preston Hospital,PR2 9HT,England,-2.7040145,53.7908668,E38000227,PR2,Preston
University Hospital of North Durham,university_hospita,RXPCP,University Hospital Of North Durham,DH1 5TW,England,-1.5933009,54.7885266,E38000116,DH1,County Durham
Darlington Memorial Hospital,darlington_memoria,RXPDA,Darlington Memorial Hospital,DL3 6HX,England,-1.5643608,54.530337,E38000042,DL3,Darlington
Buckinghamshire Healthcare NHS Trust,buckinghamshire_he,RXQ02,Stoke Mandeville Hospital,HP21 8AL,England,-0.8021389,51.7982636,E38000223,HP21,Aylesbury Vale
Buckinghamshire Healthcare NHS Trust,buckinghamshire_he,RXQ50,Wycombe Hospital,HP11 2TT,England,-0.7531983999999999,51.6266246,E38000223,HP11,Wycombe
East Lancashire Hospitals NHST,east_lancashire_ho,RXR20,Royal Blackburn Hospital,BB2 3HH,England,-2.4619976,53.7353901,E38000014,BB2,Blackburn with Darwen
The Royal Shrewsbury Hospital,the_royal_shrewsbu,RXWAS,Royal Shrewsbury Hospital,SY3 8XQ,England,-2.7930191,52.7090656,E38000147,SY3,Shropshire
Imperial College Healthcare NHST,imperial_college_h,RYJ01,St Mary's Hospital (Hq),W2 1NY,England,-0.1742553,51.5173483,E38000202,W2,Westminster
Imperial College Healthcare NHST,imperial_college_h,RYJ02,Charing Cross Hospital,W6 8RF,England,-0.2207573,51.4870272,E38000070,W6,Hammersmith and Fulham
Imperial College Healthcare NHST,imperial_college_h,RYJ03,Hammersmith Hospital,W12 0HS,England,-0.2349784,51.5164382,E38000070,W12,Hammersmith and Fulham
Western Sussex Hospitals NHSFT,western_sussex_hos,RYR16,St Richard's Hospital,PO19 6SE,England,-0.7697075,50.84400429999999,E38000213,PO19,Sussex
Western Sussex Hospitals NHSFT,western_sussex_hos,RYR18,Worthing Hospital,BN11 2DH,England,-0.3636178,50.8166569,E38000213,BN11,Worthing
Birmingham Community Healthcare NHS Foundation Trust,birmingham_communi,RYW23,Moseley Hall Hospital,B13 8JL,England,-1.8931433,52.44595,E38000220,B13,Birmingham
Sheffield Health,sheffield_health,TAHFC,Michael Carlisle Centre,S11 9BF,England,-1.4982894,53.3607112,E38000146,S11,Sheffield
Sheffield Health,sheffield_health,TAHXP,Grenoside Grange,S35 8QS,England,-1.4960838,53.4363012,E38000146,S35,Sheffield
