redcap_data_access_group,redcap_data_access_group_unlabelled,dag_id,place_name,postcode,country,lon,lat,ccg,postcode_start,city,site_type,nhs_region
derbyshire_healthc,derbyshire_healthc,DEA01,derbyshire_healthc,DE22 3LZ,England,-1.512301,52.918022,E38000229,DE22,Derby,Community,Midlands
sherwood_forest_ho,sherwood_forest_ho,KR5BC,sherwood_forest_ho,NA,NA,-1.0860901,53.205875,NA,NA,NA,NA,NA
nottingham_univers,nottingham_univers,RC1CC,nottingham_univers,NG7 2RD,England,-1.1951582,52.938636,E38000132,NG7,Nottingham,NA,Midlands
university_hospitab,university_hospitab,REWAA,university_hospitab,NA,NA,NA,NA,NA,NA,NA,Acute,NA
shropshire_communi,shropshire_communi,RIDHQ,shropshire_communi,SY3 8XL,England,-2.7894656,52.70647409999999,E38000147,SY3,Shropshire,Community,Midlands
leicestershire_par,leicestershire_par,RTGKP,leicestershire_par,LE5 6DJ,England,-1.0877712,52.62089479999999,E38000097,LE5,Leicester,NA,Midlands
nottingham_univers,nottingham_univers,RX1RR,nottingham_univers,NG7 2RD,England,-1.1951582,52.938636,E38000132,NG7,Nottingham,NA,Midlands
milton_keynes_univ,milton_keynes_univ,RDG16,milton_keynes_univ,MK9 2EA,England,-0.7564317,52.0389688,E38000107,MK9,Milton Keynes,NA,East of England
north_west_anglia,north_west_anglia,RNG90,Peterborough City Hospital,PE3 9GZ,England,-0.2785687,52.5837926,E38000026,PE3,Peterborough,Acute,East of England
university_college,university_college,14142,university_college,NA,NA,-79.3957289,43.6631609,NA,NA,NA,Acute,NA
east_london_founda,east_london_founda,14152,east_london_founda,NA,NA,0.0655092,51.55633,NA,NA,NA,Acute,NA
epsom__st_helier_n,NA,ARVR05,epsom__st_helier_n,NA,NA,-0.267382,51.336036,NA,NA,NA,NA,NA
kings_college_hosp,kings_college_hosp,R1Z01,kings_college_hosp,SE5 9RS,England,-0.0938548,51.4681404,E38000092,SE5,Lambeth,Acute,London
barking_havering_a,barking_havering_a,RFQ4H,barking_havering_a,RM7 0AG,England,0.180049,51.5679484,E38000077,RM7,Havering,NA,London
london_north_west,london_north_west,RIK04,london_north_west,NA,NA,-81.3375183,43.0058867,NA,NA,NA,Acute,NA
the_royal_marsden,the_royal_marsden,RYP01,the_royal_marsden,SW3 6JJ,England,-0.1729471,51.49097889999999,E38000202,SW3,Kensington and Chelsea,Acute,London
harrogate_district,harrogate_district,RDC01,harrogate_district,NA,NA,-1.5418447,53.9921193,NA,NA,NA,Acute,NA
leeds_teaching_hos,leeds_teaching_hos,RR183,leeds_teaching_hos,LS1 3EX,England,-1.5528919,53.80254309999999,E38000225,LS1,Leeds,NA,North East and Yorkshire
south_tees_hospita,south_tees_hospita,RTRTA,south_tees_hospita,NA,NA,NA,NA,NA,NA,NA,Acute,NA
darlington_memoria,darlington_memoria,RXDPA,darlington_memoria,DL3 6HX,England,-1.5644149,54.5310595,E38000042,DL3,Darlington,NA,North East and Yorkshire
university_hospita,university_hospita,RXPXP,university_hospita,NA,NA,-98.5775051,29.5078888,NA,NA,NA,Acute,NA
manchester_univers,manchester_univers,R0S02,Manchester Royal Infirmary,M13 9WL,England,-2.226157,53.46287,E38000217,M13,Manchester,Acute,North West
wirral_university,wirral_university,RBLI4,wirral_university,CH49 5PE,England,-3.0955279,53.3690502,E38000208,CH49,Wirral,Acute,North West
royal_liverpool__b,NA,REMR0,royal_liverpool__b,CH47 4AL,England,-3.1847842,53.3873785,E38000208,CH47,Wirral,Acute,North West
wirral_university,wirral_university,RLB14,wirral_university,CH49 5PE,England,-3.0955279,53.3690502,E38000208,CH49,Wirral,Acute,North West
royal_preston_hosp,royal_preston_hosp,RNX02,royal_preston_hosp,PR2 9HT,England,-2.7069534,53.7903928,E38000227,PR2,Preston,Acute,North West
wirral_university,wirral_university,RRL14,wirral_university,CH49 5PE,England,-3.0955279,53.3690502,E38000208,CH49,Wirral,Acute,North West
the_christie_nhsft,the_christie_nhsft,RVB01,the_christie_nhsft,M20 4BX,England,-2.228165,53.4295649,E38000217,M20,Manchester,NA,North West
north_west_borough,north_west_borough,RVT33,north_west_borough,NA,NA,-97.4502182,37.6935462,NA,NA,NA,Community,NA
the_royal_oldham_h,the_royal_oldham_h,RW063,the_royal_oldham_h,OL1 2JH,England,-2.1234986,53.55354999999999,E38000135,OL1,Oldham,NA,North West
warrington_and_hal,warrington_and_hal,RWHHH,warrington_and_hal,NA,NA,-2.5969501,53.3900441,NA,NA,NA,Acute,NA
royal_preston_hosp,royal_preston_hosp,RXB02,royal_preston_hosp,PR2 9HT,England,-2.7069534,53.7903928,E38000227,PR2,Preston,Acute,North West
queen_elizabeth_uh,queen_elizabeth_uh,G450H,queen_elizabeth_uh,G51 4TF,Scotland,-4.3404361,55.8624213,S08000031,G51,Glasgow,Acute,Scotland
queen_elizabeth_uh,queen_elizabeth_uh,GN405,queen_elizabeth_uh,G51 4TF,Scotland,-4.3404361,55.8624213,S08000031,G51,Glasgow,Acute,Scotland
nhs_lanarkshire,nhs_lanarkshire,L160H,nhs_lanarkshire,NA,NA,NA,NA,NA,NA,NA,NA,NA
aberdeen_royal_inf,aberdeen_royal_inf,N100H,aberdeen_royal_inf,NA,NA,-84.5039261,39.138644,NA,NA,NA,Acute,NA
nhs_lothian,nhs_lothian,S134H,Royal Infirmary Of Edinburgh At Little France,EH16 4SA,Scotland,-3.1347719,55.9218084,S08000024,EH16,Edinburgh,Acute,Scotland
nhs_lothian,nhs_lothian,S341H,Royal Infirmary Of Edinburgh At Little France,EH16 4SA,Scotland,-3.1347719,55.9218084,S08000024,EH16,Edinburgh,Acute,Scotland
nhs_lothian,nhs_lothian,SL116,Western General Hospital,EH4 2XU,Scotland,-3.2338808,55.9621052,S08000024,EH4,Edinburgh,Acute,Scotland
dartford_and_grave,dartford_and_grave,RN770,dartford_and_grave,DA1 1SW,England,0.230044,51.4423027,E38000043,DA1,Dartford,Acute,South East
buckinghamshire_he,buckinghamshire_he,RZQ02,buckinghamshire_he,NA,NA,-0.8127664,51.8072204,NA,NA,NA,NA,NA
medway_community_h,medway_community_h,VLXF4,Medway Community Healthcare,ME1 3QY,England,0.5163534,51.3770708,E38000237,ME1,Medway,Community,South East
aneurin_bevan_univ,aneurin_bevan_univ,11049,aneurin_bevan_univ,NP11 5GH,Wales,-3.1404429,51.66249759999999,W11000028,NP11,Caerphilly,Acute,Wales
aneurin_bevan_univ,aneurin_bevan_univ,11409,aneurin_bevan_univ,NP11 5GH,Wales,-3.1404429,51.66249759999999,W11000028,NP11,Caerphilly,Acute,Wales
betsi_cadwaladr_un,betsi_cadwaladr_un,7AIAU,betsi_cadwaladr_un,LL18 5UJ,Wales,-3.4970182,53.2713109,W11000023,LL18,Conwy,Acute,Wales
university_hospitac,university_hospitac,REJ01,Royal Stoke University Hospital,ST4 6QG,England,-2.21294,53.00381,E38000175,ST4,Staffordshire,Acute,Midlands
university_hospitac,university_hospitac,REJ09,university_hospitac,NA,NA,-92.32755139999999,38.9386955,NA,NA,NA,NA,NA
university_hospita,university_hospita,RRK01,university_hospita,NA,NA,-98.5775051,29.5078888,NA,NA,NA,Acute,NA
university_hospita,university_hospita,RRL02,Queen Elizabeth University Hospital Birmingham,B15 2GW,England,-1.9429313,52.4512054,E38000220,B15,Birmingham,Acute,Midlands
university_hospita,NA,RR002,Queen Elizabeth University Hospital Birmingham,B15 2GW,England,-1.9429313,52.4512054,E38000220,B15,Birmingham,Acute,Midlands
george_eliot_hospi,george_eliot_hospi,RTL01,george_eliot_hospi,CV10 7DJ,England,-1.4760659,52.5118749,E38000195,CV10,Nuneaton & Bedworth,Acute,Midlands
belfast,belfast,RRRR1,Belfast,BT9 7AB,Northern Ireland,-5.9441331,54.5872059,,BT9,Belfast,Acute,Northern Ireland
livewell_southwest,livewell_southwest,NR501,Mount Gould Hospital,PL4 7QD,England,-4.111707,50.3789894,E38000230,PL4,Plymouth,Community,South West
torbay_and_south_d,torbay_and_south_d,RA009,torbay_and_south_d,TQ2 7AA,England,-3.5539082,50.4823211,E38000230,TQ2,Torbay,Acute,South West
weston_area_health,weston_area_health,RA7C7,weston_area_health,BS23 4TQ,England,-2.9725926,51.32237,E38000222,BS23,North Somerset,NA,South West
university_hospita,university_hospita,RK050,university_hospita,NA,NA,-98.5775051,29.5078888,NA,NA,NA,Acute,NA
chesterfield_royal,chesterfield_royal,RFSDA,Chesterfield Royal Hospital,S44 5BL,England,-1.3988778,53.2374705,E38000229,S44,Bolsover,Acute,Midlands
nottinghamshire_he,nottinghamshire_he,RHAPA,Duncan Macmillan House,NG3 6AA,England,-1.127211,52.9791278,E38000132,NG3,Gedling,Mental,Midlands
sherwood_forest_ho,sherwood_forest_ho,RK5BC,King's Mill Hospital,NG17 4JL,England,-1.2338334,53.13529579999999,E38000103,NG17,Ashfield,Acute,Midlands
kettering_general,kettering_general,RNQ51,Kettering General Hospital,NN16 8UZ,England,-0.7406018999999999,52.4021151,E38000108,NN16,Kettering,Acute,Midlands
northampton_genera,northampton_genera,RNS01,Northampton General Hospital (Acute),NN1 5BD,England,-0.8839583,52.2360619,E38000108,NN1,Northampton,Acute,Midlands
northamptonshire_h,northamptonshire_h,RP1V4,Berrywood Hospital,NN5 6UD,England,-0.9594591,52.2474296,E38000108,NN5,Northampton,NA,Midlands
lincolnshire_partn,lincolnshire_partn,RP7SG,Lincolnshire Partnership Nhs Foundation Trust Hq,LN1 1FS,England,-0.5576544999999999,53.2441893,E38000100,LN1,West Lindsey,Community,Midlands
leicestershire_par,leicestershire_par,RT5KP,Community Rehabilitation Team (East),LE2 2PL,England,-1.1044532,52.6153126,E38000097,LE2,Leicester,Community,Midlands
university_hospita,university_hospita,RTG02,Burton Hospital,DE13 0RB,England,-1.6566313,52.8167197,E38000053,DE13,East Staffordshire,Acute,Midlands
united_lincolnshir,united_lincolnshir,RWDDA,Lincoln County Hospital,LN2 5QY,England,-0.5194023999999999,53.2334176,E38000100,LN2,West Lindsey,Acute,Midlands
united_lincolnshir,united_lincolnshir,RWDLA,Pilgrim Hospital,PE21 9QS,England,-0.0097936,52.99102329999999,E38000099,PE21,Boston,Acute,Midlands
united_lincolnshir,united_lincolnshir,RWDLP,Grantham & District Hospital,NG31 8DG,England,-0.6434263,52.9213378,E38000165,NG31,South Kesteven,Acute,Midlands
university_hospitab,university_hospitab,RWEAA,Leicester Royal Infirmary,LE1 5WW,England,-1.1348028,52.6278166,E38000097,LE1,Leicester,Acute,Midlands
nottingham_univers,nottingham_univers,RX1CC,Nottingham University Hospitals Nhs Trust - City Campus,NG5 1PB,England,-1.1600799,52.99022309999999,E38000132,NG5,Nottingham,Acute,Midlands
nottingham_univers,nottingham_univers,RX1RA,Nottingham University Hospitals Nhs Trust - Queen's Medical Centre Campus,NG7 2UH,England,-1.1850002,52.9443454,E38000132,NG7,Nottingham,Acute,Midlands
nottingham_univers,nottingham_univers,RXICC,Nottingham City Hospital,NG5 1PB,England,-1.1600799,52.99022309999999,E38000132,NG5,Nottingham,Acute,Midlands
lincolnshire_commu,lincolnshire_commu,RY5HQ,Lincolnshire Community Health Services Unit 11,NG34 8GG,England,-0.3910678,53.0093245,E38000165,NG34,North Kesteven,Community,Midlands
mid_and_south_esse,mid_and_south_esse,RAJ01,Southend Hospital,SS0 0RY,England,0.6879974,51.5540749,E38000168,SS0,Southend-on-Sea,Acute,East of England
mid_and_south_esse,mid_and_south_esse,RAT01,Southend Hospital,SS0 0RY,England,0.6877328,51.55386,E38000168,SS0,Southend-on-Sea,Acute,East of England
bedfordshire_hospi,bedfordshire_hospi,RC112,Bedford Hospital,MK42 9DJ,England,-0.4725523,52.1289245,E38000010,MK42,Bedford,Acute,East of England
luton_and_dunstabl,luton_and_dunstabl,RC971,Luton & Dunstable Hospital,LU4 0DZ,England,-0.4761978000000001,51.8954894,E38000102,LU4,Luton,Acute,East of England
the_queen_elizabet,the_queen_elizabet,RCX70,The Queen Elizabeth Hospital,PE30 4ET,England,0.447401,52.7561245,E38000203,PE30,West Norfolk,Acute,East of England
milton_keynes_univ,milton_keynes_univ,RD186,Fairfield Park Health Centre,BA1 6EA,England,-2.3524092,51.395022,E38000009,BA1,Bath and North East Somerset,NA,South West
milton_keynes_univ,milton_keynes_univ,RD816,Milton Keynes Hospital,MK6 5LD,England,-0.735001,52.0265376,E38000107,MK6,Milton Keynes,Acute,East of England
basildon_and_thurr,basildon_and_thurr,RDDH0,Basildon University Hospital,SS16 5NL,England,0.4507094999999999,51.5568669,E38000007,SS16,Basildon,Acute,East of England
ipswich_hospital,ipswich_hospital,RDE03,Ipswich Hospital,IP4 5PD,England,1.1981059,52.0568563,E38000086,IP4,Ipswich,Acute,East of England
east_suffolk_and_n,east_suffolk_and_n,RDE44,Country Practice,IP6 8EZ,England,1.0531068,52.1450745,E38000086,IP6,Mid Suffolk,NA,East of England
east_suffolk_and_n,east_suffolk_and_n,RDEE4,Colchester General Hospital,CO4 5JL,England,0.8997714999999998,51.9102859,E38000117,CO4,Colchester,Acute,East of England
royal_papworth_hos,royal_papworth_hos,RGM21,Royal Papworth Hospital,CB2 0AY,England,0.1368829,52.1730674,E38000026,CB2,Cambridge,Acute,East of England
north_west_anglia,north_west_anglia,RGN80,Peterborough City Hospital,PE3 9GZ,England,-0.2788662,52.5842385,E38000026,PE3,Peterborough,Acute,East of England
north_west_anglia,north_west_anglia,RGN90,Hinchingbrooke Hospital,PE29 6NT,England,-0.2020049,52.3338939,E38000026,PE29,Huntingdonshire,Acute,East of England
james_paget_univer,james_paget_univer,RGP75,James Paget University Hospital,NR31 6LA,England,1.7177297,52.5617923,E38000063,NR31,Norfolk,Acute,East of England
west_suffolk_hospi,west_suffolk_hospi,RGR50,West Suffolk Hospital,IP33 2QZ,England,0.7099006,52.230925,E38000204,IP33,St Edmundsbury,Acute,East of England
addenbrookes_hospi,addenbrookes_hospi,RGT01,Addenbrooke's Hospital,CB2 0QQ,England,0.1417227,52.1750602,E38000026,CB2,Cambridge,Acute,East of England
norfolk_and_norwic,norfolk_and_norwic,RM102,Norfolk & Norwich University Hospital,NR4 7UY,England,1.2205606,52.61567840000001,E38000219,NR4,Norfolk,Acute,East of England
norfolk_and_suffol,norfolk_and_suffol,RMY01,Hellesdon Hospital,NR6 5BE,England,1.2508717,52.6595315,E38000218,NR6,Norfolk,Community,East of England
mid_and_south_esse,mid_and_south_esse,RQ8L0,Broomfield Hospital,CM1 7ET,England,0.4658199,51.774462,E38000106,CM1,Chelmsford,Acute,East of England
the_princess_alexa,the_princess_alexa,RQWG0,Princess Alexandra Hospital,CM20 1QX,England,0.0851623,51.7710643,E38000197,CM20,Harlow,Acute,East of England
cambridge_and_pete,cambridge_and_pete,RT113,Fulbourn Hospital,CB21 5EF,England,0.1873529,52.1851096,E38000026,CB21,Cambridge,Community,East of England
west_hertfordshire,west_hertfordshire,RWG02,Watford General Hospital,WD18 0HB,England,-0.4035105,51.6481621,E38000079,WD18,Watford,Acute,East of England
east_and_north_her,east_and_north_her,RWH01,Lister Hospital,SG1 4AB,England,-0.2128745,51.9250924,E38000049,SG1,Stevenage,Acute,East of England
hertfordshire_part,hertfordshire_part,RWR99,Trust Head Office,AL3 5TL,England,-0.345811,51.76193120000001,E38000079,AL3,St Albans,Mental,East of England
norfolk_community,norfolk_community,RY312,Norwich Community Hospital,NR2 3TU,England,1.2624465,52.6342754,E38000218,NR2,Norfolk,Community,East of England
mid_and_south_esse,mid_and_south_esse,TAJ01,Southend Hospital,SS0 0RY,England,0.6877328,51.55386,E38000168,SS0,Southend-on-Sea,Acute,East of England
st_bartholomews,st_bartholomews,R1H12,The Royal London Hospital,E1 1BB,England,-0.05807499999999999,51.5190259,E38000186,E1,Tower Hamlets,Acute,London
barts_health_nhs_t,barts_health_nhs_t,R1HKH,Whipps Cross University Hospital,E11 1NR,England,0.0036743,51.5800881,E38000192,E11,Waltham Forest,NA,London
barts_health_nhs_t,barts_health_nhs_t,R1HM0,St Bartholomew's Hospital,EC1A 7BE,England,-0.1009214,51.5179212,E38000035,EC1A,City of London,NA,London
barts_health_nhs_t,barts_health_nhs_t,R1HNH,Newham General Hospital,E13 8SL,England,0.0348456,51.5225591,E38000113,E13,Newham,NA,London
northwick_park,northwick_park,R1K01,Northwick Park Hospital,HA1 3UJ,England,-0.3221467,51.5757011,E38000020,HA1,Harrow,Acute,London
northwick_park,northwick_park,R1K02,Central Middlesex Hospital,NW10 7NS,England,-0.2688649,51.53145749999999,E38000020,NW10,Brent,Acute,London
london_north_west,london_north_west,R1K03,St Marks Hospital,HA1 3UJ,England,-0.3221467,51.5757011,E38000020,HA1,Harrow,Acute,London
london_north_west,london_north_west,R1K04,Ealing Hospital,UB1 3HW,England,-0.3449738,51.5072746,E38000048,UB1,Ealing,Acute,London
royal_free_hospita,royal_free_hospita,RAL01,Royal Free Hospital,NW3 2QG,England,-0.1652792,51.5531762,E38000027,NW3,Camden,Acute,London
royal_free_hospita,royal_free_hospita,RAL26,Barnet Hospital,EN5 3DJ,England,-0.214859,51.6509619,E38000005,EN5,Barnet,Acute,London
north_middlesex_un,north_middlesex_un,RAPNM,North Middlesex Hospital,N18 1QX,England,-0.0739961,51.6132872,E38000057,N18,Enfield,Acute,London
hillingdon_hospita,hillingdon_hospita,RAS01,Hillingdon Hospital,UB8 3NN,England,-0.4616802,51.5256012,E38000082,UB8,Hillingdon,Acute,London
kingston_hospital,kingston_hospital,RAX01,Kingston Hospital,KT2 7QB,England,-0.2824351,51.4145434,E38000090,KT2,Kingston upon Thames,Acute,London
barking_havering_a,barking_havering_a,RF4QH,Queen's Hospital,RM7 0AG,England,0.1799287,51.5684418,E38000077,RM7,Havering,Acute,London
guys_and_st_thomas,guys_and_st_thomas,RJ122,St Thomas' Hospital,SE1 7EH,England,-0.1195779,51.4985226,E38000092,SE1,Southwark,Acute,London
lewisham_and_green,lewisham_and_green,RJ224,University Hospital Lewisham,SE13 6LH,England,-0.0179255,51.4536002,E38000098,SE13,Lewisham,Acute,London
lewisham_and_green,lewisham_and_green,RJ231,Queen Elizabeth Hospital,SE18 4QH,England,0.0505446,51.4775553,E38000066,SE18,Greenwich,Acute,London
croydon_health_ser,croydon_health_ser,RJ611,Croydon University Hospital,CR7 7YE,England,-0.1101497,51.3894138,E38000040,CR7,Croydon,Acute,London
st_georges_univers,st_georges_univers,RJ701,St George's Hospital (Tooting),SW17 0QT,England,-0.1760824,51.426561,E38000193,SW17,Wandsworth,Acute,London
kings_college_hosp,kings_college_hosp,RJZ01,King's College Hospital (Denmark Hill),SE5 9RS,England,-0.0926719,51.4673518,E38000092,SE5,Lambeth,Acute,London
whittington_health,whittington_health,RKEQ4,The Whittington Hospital,N19 5NF,England,-0.1388326,51.5663604,E38000088,N19,Islington,Acute,London
chelsea__westminst,chelsea__westminst,RMQ91,Tameside General Hospital,OL6 9RW,England,-2.0695919,53.4922721,E38000182,OL6,Tameside,Acute,North West
the_royal_marsden,the_royal_marsden,RPY01,The Royal Marsden Hospital (Surrey),SW3 6JJ,England,-0.1729956,51.49073809999999,E38000202,SW3,Kensington and Chelsea,Acute,London
the_royal_marsden,the_royal_marsden,RPY02,The Royal Marsden Hospital (Surrey),SM2 5PT,England,-0.1909226,51.3439116,E38000179,SM2,Sutton,Acute,London
chelsea__westminst,chelsea__westminst,RQM01,Chelsea & Westminster Hospital,SW10 9NH,England,-0.1817772,51.4844854,E38000202,SW10,Kensington and Chelsea,Acute,London
homerton_universit,homerton_universit,RQXM1,Homerton University Hospital,E9 6SR,England,-0.0459012,51.550818,E38000035,E9,Hackney,Acute,London
south_west_london,south_west_london,RQY01,Springfield University Hospital,SW17 7DJ,England,-0.1724799,51.43706599999999,E38000193,SW17,Wandsworth,Community,London
royal_brompton_and,royal_brompton_and,RT301,Harefield Hospital,UB9 6JH,England,-0.4841933,51.60672150000001,E38000082,UB9,South Buckinghamshire,Acute,London
royal_brompton_and,royal_brompton_and,RT302,Royal Brompton Hospital,SW3 6NP,England,-0.1708549,51.4897429,E38000202,SW3,Kensington and Chelsea,Acute,London
epsom__st_helier_n,epsom__st_helier_n,RVR05,St Helier Hospital,SM5 1AA,England,-0.1845814,51.38063160000001,E38000179,SM5,Sutton,Acute,London
hounslow_and_richm,hounslow_and_richm,RY901,Urgent Care Centre,TW7 6AF,England,-0.3261897,51.4740781,E38000084,TW7,Hounslow,Community,London
imperial_college_h,imperial_college_h,RYJ01,St Mary's Hospital,W2 1NY,England,-0.1742622,51.5170141,E38000202,W2,Westminster,Acute,London
imperial_college_h,imperial_college_h,RYJ02,Charing Cross Hospital,W6 8RF,England,-0.2198524,51.4868832,E38000070,W6,Hammersmith and Fulham,Acute,London
imperial_college_h,imperial_college_h,RYJ03,Hammersmith Hospital,W12 0HS,England,-0.2366584,51.5165231,E38000070,W12,Hammersmith and Fulham,Acute,London
south_tyneside_and,south_tyneside_and,R0B0Q,South Tyneside District Hospital,NE34 0PL,England,-1.428215,54.9717482,E38000163,NE34,South Tyneside,Community,North East and Yorkshire
south_tyneside_and,south_tyneside_and,R0B01,Sunderland Royal Hospital,SR4 7TP,England,-1.4092278,54.9024525,E38000176,SR4,Sunderland,Acute,North East and Yorkshire
bradford_teaching,bradford_teaching,RAE01,Bradford Royal Infirmary,BD9 6RJ,England,-1.794827,53.8059288,E38000019,BD9,Bradford,Acute,North East and Yorkshire
york_teaching_hosp,york_teaching_hosp,RCB55,York Hospital,YO31 8HE,England,-1.083785,53.96950769999999,E38000188,YO31,York,Acute,North East and Yorkshire
york_teaching_hosp,york_teaching_hosp,RCBCA,Scarborough General Hospital,YO12 6QL,England,-0.4366474,54.281389,E38000145,YO12,North Yorkshire,Acute,North East and Yorkshire
harrogate_district,harrogate_district,RCD01,Harrogate District Hospital,HG2 7SX,England,-1.5192793,53.99319939999999,E38000073,HG2,Harrogate,Acute,North East and Yorkshire
airedale_general_h,airedale_general_h,RCF22,Airedale General Hospital,BD20 6TD,England,-1.9627476,53.8980501,E38000001,BD20,Bradford,Acute,North East and Yorkshire
sheffield_children,sheffield_children,RCUEF,Sheffield Children's Hospital,S10 2TH,England,-1.4906634,53.380817,E38000146,S10,Sheffield,Acute,North East and Yorkshire
barnsley_hospital,barnsley_hospital,RFFAA,Barnsley Hospital,S75 2EP,England,-1.4993514,53.5585852,E38000006,S75,Barnsley,Acute,North East and Yorkshire
the_rotherham_nhsf,the_rotherham_nhsf,RFRPA,Rotherham District General Hospital,S60 2UD,England,-1.3417765,53.4134615,E38000141,S60,Rotherham,Acute,North East and Yorkshire
leeds_and_york_par,leeds_and_york_par,RGD05,The Mount,LS2 9LN,England,-1.5586948,53.8042175,E38000225,LS2,Leeds,Mental,North East and Yorkshire
leeds_and_york_par,leeds_and_york_par,RGD17,St Mary's Hospital,LS12 3QE,England,-1.6127313,53.8003657,E38000225,LS12,Leeds,Acute,North East and Yorkshire
leeds_and_york_par,leeds_and_york_par,RGDAB,Newsam Centre,LS14 6WB,England,-1.4703237,53.8049068,E38000225,LS14,Leeds,Mental,North East and Yorkshire
leeds_and_york_par,leeds_and_york_par,RGDBL,Becklin Centre,LS9 7BE,England,-1.5244358,53.8055901,E38000225,LS9,Leeds,Mental,North East and Yorkshire
leeds_and_york_par,leeds_and_york_par,RGDPL,Parkside Lodge,LS12 2HE,England,-1.5903139,53.7994768,E38000225,LS12,Leeds,NA,North East and Yorkshire
sheffield_teaching,sheffield_teaching,RHQHH,Royal Hallamshire Hospital,S10 2JF,England,-1.4929358,53.3780891,E38000146,S10,Sheffield,Acute,North East and Yorkshire
sheffield_teaching,sheffield_teaching,RHQNG,Northern General Hospital,S5 7AU,England,-1.4545414,53.41079389999999,E38000146,S5,Sheffield,Acute,North East and Yorkshire
northern_lincolnsh,northern_lincolnsh,RJL30,"Diana, Princess Of Wales Hospital",DN33 2BA,England,-0.09673799999999999,53.5449263,E38000119,DN33,North East Lincolnshire,Acute,North East and Yorkshire
northern_lincolnsh,northern_lincolnsh,RJL32,Scunthorpe General Hospital,DN15 7BH,England,-0.6668159,53.5870787,E38000122,DN15,North Lincolnshire,Acute,North East and Yorkshire
north_cumbria_inte,north_cumbria_inte,RNN62,Cumberland Infirmary,CA2 7HY,England,-2.9552949,54.89574469999999,E38000215,CA2,Carlisle,Acute,North East and Yorkshire
north_cumbria_inte,north_cumbria_inte,RNNBD,Keswick Hospital,CA12 5PH,England,-3.1402348,54.60621889999999,E38000215,CA12,Allerdale,Community,North East and Yorkshire
north_cumbria_inte,north_cumbria_inte,RNNBE,Penrith Hospital,CA11 8HX,England,-2.7431027,54.6570243,E38000215,CA11,Eden,Community,North East and Yorkshire
west_cumberland_ho,west_cumberland_ho,RNNBX,West Cumberland Hospital,CA28 8JG,England,-3.5623582,54.52938589999999,E38000215,CA28,Copeland,Acute,North East and Yorkshire
north_cumbria_inte,north_cumbria_inte,RNNCB,Cockermouth Hospital,CA13 9HT,England,-3.3609677,54.6675681,E38000215,CA13,Allerdale,Community,North East and Yorkshire
north_cumbria_inte,north_cumbria_inte,RNNCL,Copeland Unit,CA28 8JG,England,-3.5623582,54.52938589999999,E38000215,CA28,Copeland,Community,North East and Yorkshire
doncaster_and_bass,doncaster_and_bass,RP5BA,Bassetlaw Hospital,S81 0BD,England,-1.1099928,53.3176661,E38000008,S81,Bassetlaw,Acute,North East and Yorkshire
doncaster_and_bass,doncaster_and_bass,RP5DR,Doncaster Royal Infirmary,DN2 5LT,England,-1.1089997,53.5310447,E38000044,DN2,Doncaster,Acute,North East and Yorkshire
doncaster_and_bass,doncaster_and_bass,RP5MM,Montagu Hospital,S64 0AZ,England,-1.285227,53.4997069,E38000044,S64,Doncaster,NA,North East and Yorkshire
gateshead_health_n,gateshead_health_n,RR7EN,Queen Elizabeth Hospital,NE9 6SX,England,-1.5803329,54.9394061,E38000212,NE9,Gateshead,Acute,North East and Yorkshire
leeds_teaching_hos,leeds_teaching_hos,RR801,Leeds General Infirmary,LS1 3EX,England,-1.5517435,53.8014452,E38000225,LS1,Leeds,Acute,North East and Yorkshire
leeds_teaching_hos,leeds_teaching_hos,RR813,St James's University Hospital,LS9 7TF,England,-1.5195966,53.8070087,E38000225,LS9,Leeds,Acute,North East and Yorkshire
the_newcastle_upon,the_newcastle_upon,RTD02,The Royal Victoria Infirmary,NE1 4LP,England,-1.6193001,54.9796885,E38000212,NE1,Newcastle,Acute,North East and Yorkshire
northumbria_health,northumbria_health,RTF86,Northumbria Specialist Emergency Care Hospital,NE23 6NZ,England,-1.5669476,55.0730498,E38000130,NE23,Northumberland,Acute,North East and Yorkshire
northumbria_health,northumbria_health,RTFED,Wansbeck Hospital,NE63 9JJ,England,-1.5454229,55.1840488,E38000130,NE63,Northumberland,Acute,North East and Yorkshire
northumbria_health,northumbria_health,RTFFS,North Tyneside General Hospital,NE29 8NH,England,-1.4665938,55.0260518,E38000127,NE29,North Tyneside,Acute,North East and Yorkshire
south_tees_hospita,south_tees_hospita,RTRAT,The James Cook University Hospital,TS4 3BW,England,-1.2148054,54.55175509999999,E38000162,TS4,Middlesbrough,Acute,North East and Yorkshire
humber_teaching_nh,humber_teaching_nh,RV901,Trust Headquarters,HU10 6ED,England,-0.4462225,53.7730427,E38000052,HU10,East Riding of Yorkshire,Community,North East and Yorkshire
university_hospitab,university_hospitab,RVWAE,University Hospital Of North Tees,TS19 8PE,England,-1.3472746,54.5831668,E38000075,TS19,Stockton-on-Tees,Acute,North East and Yorkshire
hull_university_te,hull_university_te,RWA01,Hull Royal Infirmary,HU3 2JZ,England,-0.3576663,53.74485749999999,E38000085,HU3,Kingston upon Hull,Acute,North East and Yorkshire
hull_university_te,hull_university_te,RWA16,Castle Hill Hospital,HU16 5JQ,England,-0.4459044,53.77813090000001,E38000052,HU16,East Riding of Yorkshire,Acute,North East and Yorkshire
calderdale_and_hud,calderdale_and_hud,RWY01,Huddersfield Royal Infirmary,HD3 3EA,England,-1.8163248,53.65557829999999,E38000064,HD3,Kirklees,Acute,North East and Yorkshire
cumbria_northumber,cumbria_northumber,RX4E4,St Nicholas Hospital (Newcastle Upon Tyne),NE3 3XT,England,-1.6337663,55.00635819999999,E38000212,NE3,Newcastle,Mental,North East and Yorkshire
tees_esk_and_wear,tees_esk_and_wear,RX301,"Tees, Esk, Wear Valley Nhs Trust (Durham)",DL2 2TS,England,-1.5916412,54.5432052,E38000042,DL2,Darlington,Acute,North East and Yorkshire
rotherham_doncaste,rotherham_doncaste,RXE07,Rotherham Older People's Mental Health Services,S60 2UD,England,-1.3417765,53.4134615,E38000141,S60,Rotherham,Community,North East and Yorkshire
rotherham_doncaste,rotherham_doncaste,RXE92,Nth Lincs - Great Oaks Inpatient Unit,DN16 2JX,England,-0.6385453,53.5671057,E38000122,DN16,North Lincolnshire,Community,North East and Yorkshire
rotherham_doncaste,rotherham_doncaste,RXEAA,Doncaster - Tickhill Road Site,DN4 8QN,England,-1.1470501,53.4968851,E38000044,DN4,Doncaster,Community,North East and Yorkshire
mid_yorkshire_hosp,mid_yorkshire_hosp,RXF05,Pinderfields General Hospital,WF1 4DG,England,-1.4859205,53.6948876,E38000190,WF1,Wakefield,Acute,North East and Yorkshire
south_west_yorkshi,south_west_yorkshi,RXG10,Fieldhead Hospital,WF1 3SP,England,-1.492682,53.69713700000001,E38000190,WF1,Wakefield,Mental,North East and Yorkshire
university_hospita,university_hospita,RXPCP,University Hospital Of North Durham,DH1 5TW,England,-1.5934169,54.788797,E38000116,DH1,County Durham,Acute,North East and Yorkshire
darlington_memoria,darlington_memoria,RXPDA,Darlington Memorial Hospital,DL3 6HX,England,-1.56331,54.5303878,E38000042,DL3,Darlington,Acute,North East and Yorkshire
leeds_community_he,leeds_community_he,RY651,Stockdale House,LS6 1PF,England,-1.5686275,53.8146934,E38000225,LS6,Leeds,Community,North East and Yorkshire
calderdale_and_hud,calderdale_and_hud,RYW01,Community Unit 3 Good Hope Hospital,B75 7RR,England,-1.8119477,52.5684003,E38000220,B75,Birmingham,NA,Midlands
bradford_district,bradford_district,TAD17,Lynfield Mount Hospital,BD9 6DP,England,-1.8049734,53.8098494,E38000019,BD9,Bradford,Mental,North East and Yorkshire
sheffield_health,sheffield_health,TAHCC,The Longley Centre,S5 7JT,England,-1.459382,53.410735,E38000146,S5,Sheffield,Community,North East and Yorkshire
sheffield_health,sheffield_health,TAHFC,Michael Carlisle Centre,S11 9BF,England,-1.4976782,53.3614973,E38000146,S11,Sheffield,Acute,North East and Yorkshire
sheffield_health,sheffield_health,TAHXM,Forest Close,S35 0JW,England,-1.5201377,53.4211198,E38000146,S35,Sheffield,Community,North East and Yorkshire
sheffield_health,sheffield_health,TAHXN,Forest Lodge,S35 0JW,England,-1.5201377,53.4211198,E38000146,S35,Sheffield,Community,North East and Yorkshire
sheffield_health,sheffield_health,TAHXP,Grenoside Grange,S35 8QS,England,-1.495869,53.43560739999999,E38000146,S35,Sheffield,Community,North East and Yorkshire
alder_hey_children,alder_hey_children,CBS25,Alder Hey Children's Hospital,L12 2AP,England,-2.8975996999999998,53.4206851,E38000101,L12,Liverpool,Acute,North West
manchester_univers,manchester_univers,R0A01,Manchester Royal Infirmary,M13 9WL,England,-2.226157,53.46287,E38000217,M13,Manchester,Acute,North West
manchester_univers,manchester_univers,R0A02,Manchester Royal Infirmary,M13 9WL,England,-2.226656,53.46207949999999,E38000217,M13,Manchester,Acute,North West
manchester_univers,manchester_univers,R0A03,Royal Manchester Children's Hospital,M13 9WL,England,-2.226656,53.46207949999999,E38000217,M13,Manchester,Acute,North West
manchester_univers,manchester_univers,R0A07,Wythenshawe Hospital,M23 9LT,England,-2.2923077,53.3882248,E38000217,M23,Manchester,Acute,North West
manchester_univers,manchester_univers,R0A09,Trafford General Hospital,M41 5SL,England,-2.3713644,53.453894,E38000187,M41,Trafford,Acute,North West
wirral_university,wirral_university,RBL14,Arrowe Park Hospital,CH49 5PE,England,-3.1017727,53.3706438,E38000208,CH49,Wirral,Acute,North West
wirral_university,wirral_university,RBL17,Outpatients Department (Clatterbridge Hospital),CH63 4JY,England,-3.0236761,53.3328131,E38000208,CH63,Wirral,NA,North West
whiston_hospital,whiston_hospital,RBN01,Whiston Hospital,L35 5DR,England,-2.7856631,53.4199658,E38000091,L35,Knowsley,Acute,North West
royal_liverpool__b,royal_liverpool__b,RBQHQ,Liverpool Heart And Chest Hospital Nhs Trust Hq,L14 3PE,England,-2.9006723,53.4099713,E38000101,L14,Liverpool,Acute,North West
mid_cheshire_hospi,mid_cheshire_hospi,RBT20,Leighton Hospital,CW1 4QJ,England,-2.4758631,53.1176852,E38000151,CW1,Cheshire East,Acute,North West
the_christie_nhsft,the_christie_nhsft,RBV01,The Christie,M20 4BX,England,-2.2297538,53.4295898,E38000217,M20,Manchester,Acute,North West
aintree_university,aintree_university,REM20,Walton Hospital,L9 1NL,England,-2.9621244,53.4513755,E38000101,L9,Liverpool,Acute,North West
aintree_university,aintree_university,REM21,University Hospital Aintree,L9 7AL,England,-2.9322226,53.4651255,E38000101,L9,Liverpool,Acute,North West
royal_liverpool__b,royal_liverpool__b,REMRQ,Royal Liverpool University Hospital,L7 8XP,England,-2.9644575,53.409588,E38000101,L7,Liverpool,Acute,North West
clatterbridge_canc,clatterbridge_canc,REN20,Clatterbridge Cancer Centre -Wirral,CH63 4JY,England,-3.0236761,53.3328131,E38000208,CH63,Wirral,Acute,North West
liverpool_womens_h,liverpool_womens_h,REP01,Liverpool Womens Hospital,L8 7SS,England,-2.9599083,53.3982164,E38000101,L8,Liverpool,Acute,North West
macclesfield_distr,macclesfield_distr,RJN71,Macclesfield District General Hospital,SK10 3BL,England,-2.1420821,53.2618303,E38000056,SK10,Cheshire East,Acute,North West
countess_of_cheste,countess_of_cheste,RJR05,Countess Of Chester Hospital,CH2 1UL,England,-2.8979768,53.209153,E38000196,CH2,Cheshire West and Chester,Acute,North West
salford_royal_nhsf,salford_royal_nhsf,RM301,Salford Royal,M6 8HD,England,-2.3234243,53.4875447,E38000143,M6,Salford,Acute,North West
bolton_nhst,bolton_nhst,RMC01,Royal Bolton Hospital,BL4 0JR,England,-2.4333555,53.5544251,E38000016,BL4,Bolton,Acute,North West
tameside_hospital,tameside_hospital,RMP01,Tameside General Hospital,OL6 9RW,England,-2.0715971,53.4930995,E38000182,OL6,Tameside,Acute,North West
royal_albert_edwar,royal_albert_edwar,RRF02,Royal Albert Edward Infirmary,WN1 2NN,England,-2.6292126,53.5575626,E38000205,WN1,Wigan,Acute,North West
north_west_borough,north_west_borough,RTV33,Hollins Park,WA2 8WA,England,-2.6084382,53.4290282,E38000194,WA2,Warrington,Community,North West
university_hospita,university_hospita,RTX02,Royal Lancaster Infirmary,LA1 4RP,England,-2.8000204,54.0430745,E38000228,LA1,Lancaster,Acute,North West
university_hospita,university_hospita,RTXBU,Furness General Hospital,LA14 4LF,England,-3.2074938,54.1358423,E38000228,LA14,Barrow-in-Furness,Acute,North West
university_hospita,university_hospita,RTXBW,Westmorland General Hospital,LA9 7RG,England,-2.7325517,54.3067033,E38000228,LA9,South Lakeland,Acute,North West
southport_and_orms,southport_and_orms,RVY01,Southport & Formby District General Hospital,PR8 6PN,England,-2.9788101,53.633865,E38000170,PR8,Sefton,Acute,North West
merseycare_nhs_fou,merseycare_nhs_fou,RW404,Ashworth Hospital,L31 1HW,England,-2.9138503,53.5190035,E38000161,L31,Sefton,Mental,North West
lancashire__south,lancashire__south,RW5JJ,Royal Preston Hospital,PR2 9HT,England,-2.7040145,53.7908668,E38000227,PR2,Preston,Community,North West
fairfield_general,fairfield_general,RW601,Fairfield General Hospital,BL9 7TD,England,-2.2552406,53.6002137,E38000024,BL9,Bury,Acute,North West
the_pennine_acute,the_pennine_acute,RW602,North Manchester General Hospital,M8 5RB,England,-2.2276047,53.5191895,E38000217,M8,Manchester,Acute,North West
the_royal_oldham_h,the_royal_oldham_h,RW603,Royal Oldham Hospital,OL1 2JH,England,-2.1222418,53.5532339,E38000135,OL1,Oldham,Acute,North West
stockport_nhsft,stockport_nhsft,RWJ09,Stepping Hill Hospital,SK2 7JE,England,-2.1320437,53.3840997,E38000174,SK2,Stockport,Acute,North West
warrington_and_hal,warrington_and_hal,RWWWH,Warrington Hospital,WA5 1QG,England,-2.6096601,53.39421420000001,E38000194,WA5,Warrington,Acute,North West
cheshire_and_wirra,cheshire_and_wirra,RXADT,Countess Of Chester Hospital,CH2 1UL,England,-2.8979768,53.209153,E38000196,CH2,Cheshire West and Chester,Community,North West
cheshire_and_wirra,cheshire_and_wirra,RXADY,Ellesmere Port Civic Hall,CH65 0AZ,England,-2.9033209,53.2772724,E38000196,CH65,Cheshire West and Chester,Community,North West
blackpool_teaching,blackpool_teaching,RXL01,Blackpool Victoria Hospital,FY3 8NR,England,-3.014609,53.8203915,E38000015,FY3,Blackpool,Acute,North West
royal_preston_hosp,royal_preston_hosp,RXN02,Royal Preston Hospital,PR2 9HT,England,-2.7044959,53.79086359999999,E38000227,PR2,Preston,Acute,North West
east_lancashire_ho,east_lancashire_ho,RXR20,Royal Blackburn Hospital,BB2 3HH,England,-2.4612888,53.7367853,E38000014,BB2,Blackburn with Darwen,Acute,North West
nhs_ayrshire_and_a,nhs_ayrshire_and_a,A103H,Ayrshire Central Hospital,KA12 8SS,Scotland,-4.6748227,55.6349014,S08000015,KA12,North Ayrshire,Community,Scotland
nhs_ayrshire_and_a,nhs_ayrshire_and_a,A111H,University Hospital Crosshouse,KA2 0BE,Scotland,-4.540130899999999,55.6135442,S08000015,KA2,East Ayrshire,Acute,Scotland
nhs_ayrshire_and_a,nhs_ayrshire_and_a,A208H,Biggart Hospital,KA9 2HQ,Scotland,-4.6046872,55.4925395,S08000015,KA9,South Ayrshire,NA,Scotland
nhs_ayrshire_and_a,nhs_ayrshire_and_a,A210H,University Hospital Ayr,KA6 6DX,Scotland,-4.5939607,55.428935,S08000015,KA6,East Ayrshire,Acute,Scotland
nhs_ayrshire_and_a,nhs_ayrshire_and_a,A215H,East Ayrshire Community Hospital,KA18 1EF,Scotland,-4.271658,55.4515313,S08000015,KA18,East Ayrshire,Community,Scotland
nhs_ayrshire_and_a,nhs_ayrshire_and_a,A216H,Girvan Community Hospital,KA26 9HQ,Scotland,-4.8448247,55.2480877,S08000015,KA26,South Ayrshire,NA,Scotland
borders_general_ho,borders_general_ho,B120H,Borders General Hospital,TD6 9BS,Scotland,-2.7419408,55.5954785,S08000016,TD6,Scottish Borders,Acute,Scotland
nhs_highland,nhs_highland,C106H,Cowal Community Hospital,PA23 7RL,Scotland,-4.927129,55.9569856,S08000022,PA23,Argyllshire,Community,Scotland
nhs_highland,nhs_highland,C121H,Lorn & Islands Hospital,PA34 4HH,Scotland,-5.4750995,56.4007089,S08000022,PA34,Argyllshire,Acute,Scotland
nhs_highland,nhs_highland,C122H,Campbeltown Hospital,PA28 6LE,Scotland,-5.606007399999999,55.4209057,S08000022,PA28,Argyllshire,Acute,Scotland
golden_jubilee_nat,golden_jubilee_nat,D102H,Golden Jubilee National Hospital,G81 4DY,Scotland,-4.420353899999999,55.9059298,S08000031,G81,West Dunbartonshire,Acute,Scotland
victoria_hospital,victoria_hospital,F701H,Cameron Hospital,KY8 5RR,Scotland,-3.0606955,56.1866783,S08000029,KY8,Fife,Acute,Scotland
victoria_hospital,victoria_hospital,F704H,Victoria Hospital,KY2 5AH,Scotland,-3.1601871,56.1244623,S08000029,KY2,Fife,Acute,Scotland
victoria_hospital,victoria_hospital,F708H,Adamson Hospital,KY15 4JG,Scotland,-3.0181746,56.3244035,S08000029,KY15,Fife,Acute,Scotland
victoria_hospital,victoria_hospital,F716H,Glenrothes Hospital,KY7 5TG,Scotland,-3.182677,56.2049141,S08000029,KY7,Fife,Acute,Scotland
victoria_hospital,victoria_hospital,F805H,Queen Margaret Hospital,KY12 0SU,Scotland,-3.4275625,56.0824334,S08000029,KY12,Fife,Community,Scotland
queen_elizabeth_uh,queen_elizabeth_uh,G405H,Queen Elizabeth University Hospital,G51 4TF,Scotland,-4.3392518,55.8626363,S08000031,G51,Glasgow,Acute,Scotland
nhs_highland,nhs_highland,H103H,Caithness General Hospital,KW1 5NS,Scotland,-3.0955804,58.44157999999999,S08000022,KW1,Highland,Acute,Scotland
nhs_highland,nhs_highland,H201H,Rni Community Hospital,IV3 5SF,Scotland,-4.231586399999999,57.47064259999999,S08000022,IV3,Highland,Community,Scotland
nhs_highland,nhs_highland,H202H,Raigmore Hospital,IV2 3UJ,Scotland,-4.1928874,57.4741487,S08000022,IV2,Highland,Acute,Scotland
nhs_lanarkshire,nhs_lanarkshire,L106H,University Hospital Monklands,ML6 0JS,Scotland,-3.9998893,55.8657665,S08000032,ML6,North Lanarkshire,Acute,Scotland
nhs_lanarkshire,nhs_lanarkshire,L302H,University Hospital Hairmyres,G75 8RG,Scotland,-4.221977,55.7594711,S08000032,G75,South Lanarkshire,Acute,Scotland
nhs_lanarkshire,nhs_lanarkshire,L308H,University Hospital Wishaw,ML2 0DP,Scotland,-3.942015899999999,55.7736351,S08000032,ML2,North Lanarkshire,Acute,Scotland
aberdeen_royal_inf,aberdeen_royal_inf,N101H,Aberdeen Royal Infirmary,AB25 2ZN,Scotland,-2.1372687,57.1546973,S08000020,AB25,Aberdeen,Acute,Scotland
nhs_lothian,nhs_lothian,S116H,Western General Hospital,EH4 2XU,Scotland,-3.2338808,55.9621052,S08000024,EH4,Edinburgh,Acute,Scotland
nhs_lothian,nhs_lothian,S225H,Royal Hospital For Sick Children (Edinburgh),EH9 1LF,Scotland,-3.1888575,55.93845779999999,S08000024,EH9,Edinburgh,Acute,Scotland
nhs_lothian,nhs_lothian,S308H,St John's Hospital,EH54 6PP,Scotland,-3.5235687,55.8914559,S08000024,EH54,West Lothian,Acute,Scotland
nhs_lothian,nhs_lothian,S314H,Royal Infirmary Of Edinburgh At Little France,EH16 4SA,Scotland,-3.1347719,55.9218084,S08000024,EH16,Edinburgh,Acute,Scotland
ninewells_hospital,ninewells_hospital,T101H,Ninewells Hospital,DD1 9SY,Scotland,-2.9913622,56.461653,S08000030,DD1,Dundee,Acute,Scotland
nhs_forth_valley,nhs_forth_valley,V217H,Forth Valley Royal Hospital,FK5 4WR,Scotland,-3.850585199999999,56.0256532,S08000019,FK5,Falkirk,Acute,Scotland
nhs_dumfries_and_g,nhs_dumfries_and_g,Y146H,Dumfries & Galloway Royal Infirmary,DG2 8RX,Scotland,NA,NA,S08000017,DG2,Dumfriesshire,Acute,Scotland
solent_nhs_trust,solent_nhs_trust,R1C03,Western Community Hospital,SO16 4XE,England,-1.4460678,50.9250408,E38000167,SO16,Southampton,Community,South East
solent_nhs_trust,solent_nhs_trust,R1CD4,St Mary's Health Campus,PO3 6AD,England,-1.0634599,50.8001679,E38000137,PO3,Hampshire,Community,South East
isle_of_wight_nhs,isle_of_wight_nhs,R1F01,St Mary's Hospital,PO30 5TG,England,-1.3007589,50.7117151,E38000087,PO30,Isle of Wight,Acute,South East
royal_surrey_nhsft,royal_surrey_nhsft,RA201,Royal Surrey County Hospital,GU2 7XX,England,-0.6071272,51.24132350000001,E38000214,GU2,Guildford,Acute,South East
sussex_community_n,sussex_community_n,RDR05,Brighton General Hospital,BN2 3EW,England,0.1145,50.831,E38000021,BN2,Brighton and Hove,Community,South East
frimley_health_nhs,frimley_health_nhs,RDU01,Frimley Park Hospital,GU16 7UJ,England,-0.7417102999999999,51.3191188,E38000178,GU16,Surrey Heath,Acute,South East
frimley_health_nhs,frimley_health_nhs,RDU50,Wexham Park Hospital,SL2 4HL,England,-0.5733895,51.5326676,E38000224,SL2,South Buckinghamshire,Acute,South East
university_hospita,university_hospita,RHM01,Southampton General Hospital,SO16 6YD,England,-1.4348494,50.9334827,E38000167,SO16,Southampton,Acute,South East
portsmouth_hospita,portsmouth_hospita,RHU03,Queen Alexandra Hospital,PO6 3LY,England,-1.070482,50.8501659,E38000137,PO6,Hampshire,Acute,South East
royal_berkshire_ho,royal_berkshire_ho,RHW01,Royal Berkshire Hospital,RG1 5AN,England,-0.9592181000000001,51.4503446,E38000221,RG1,Berkshire,Acute,South East
hampshire_hospital,hampshire_hospital,RN506,Basingstoke And North Hampshire Hospital,RG24 9NA,England,-1.1098753,51.2806146,E38000120,RG24,Hampshire,Acute,South East
hampshire_hospital,hampshire_hospital,RN541,Royal Hampshire County Hospital,SO22 5DG,England,-1.3300479,51.06120139999999,E38000198,SO22,Winchester,Acute,South East
dartford_and_grave,dartford_and_grave,RN707,Darent Valley Hospital,DA2 8DA,England,0.2624207,51.4346027,E38000043,DA2,Dartford,Acute,South East
medway_nhsft,medway_nhsft,RPA02,Medway Maritime Hospital,ME7 5NY,England,0.5422176,51.3782667,E38000104,ME7,Medway,Acute,South East
oxford_university,oxford_university,RTH08,John Radcliffe Hospital,OX3 9DU,England,-1.2198063,51.7638706,E38000136,OX3,Oxford,Acute,South East
ashford_and_st_pet,ashford_and_st_pet,RTK01,St Peter's Hospital,KT16 0PZ,England,-0.5270482,51.37762739999999,E38000128,KT16,Runnymede,Acute,South East
surrey_and_sussex,surrey_and_sussex,RTP04,East Surrey Hospital,RH1 5RH,England,-0.1620416,51.2192302,E38000054,RH1,Reigate and Banstead,Acute,South East
east_kent_hospital,east_kent_hospital,RVV01,William Harvey Hospital (Ashford),TN24 0LZ,England,0.9180601,51.14122460000001,E38000002,TN24,Ashford,Acute,South East
east_kent_hospital,east_kent_hospital,RVV09,Queen Elizabeth The Queen Mother Hospital,CT9 4AN,England,1.3893986940383911,51.3780517578125,E38000184,CT9,Kent,Acute,South East
east_kent_hospital,east_kent_hospital,RVVKC,Kent & Canterbury Hospital,CT1 3NG,England,1.087251,51.2663283,E38000029,CT1,Kent,Acute,South East
southern_health_nh,southern_health_nh,RW154,Moorgreen Hospital,SO30 3JB,England,-1.3246519,50.9277801,E38000198,SO30,Eastleigh,Community,South East
maidstone_and_tunb,maidstone_and_tunb,RWF03,The Maidstone Hospital,ME16 9QQ,England,0.4843427,51.2746195,E38000199,ME16,Maidstone,Acute,South East
maidstone_and_tunb,maidstone_and_tunb,RWFTW,The Tunbridge Wells Hospital,TN2 4QJ,England,0.3099882,51.1496354,E38000199,TN2,Tunbridge Wells,Acute,South East
sussex_partnership,sussex_partnership,RX219,Trust Headquarters,BN13 3EP,England,-0.4109863,50.8414966,E38000213,BN13,Worthing,Community,South East
east_sussex_health,east_sussex_health,RXC01,Conquest Hospital,TN37 7RD,England,0.5657194999999999,50.8855724,E38000076,TN37,Hastings,Acute,South East
east_sussex_health,east_sussex_health,RXC02,Eastbourne District General Hospital,BN21 2UD,England,0.2711476,50.7871434,E38000055,BN21,Eastbourne,Acute,South East
brighton_and_susse,brighton_and_susse,RXH01,Royal Sussex County Hospital,BN2 5BE,England,-0.1179672,50.8197289,E38000021,BN2,Brighton and Hove,Acute,South East
brighton_and_susse,brighton_and_susse,RXH09,Princess Royal Hospital,RH16 4EX,England,-0.0903866,50.99110460000001,E38000083,RH16,Mid Sussex,Acute,South East
buckinghamshire_he,buckinghamshire_he,RXQ02,Stoke Mandeville Hospital,HP21 8AL,England,-0.8008387,51.7983929,E38000223,HP21,Aylesbury Vale,Acute,South East
buckinghamshire_he,buckinghamshire_he,RXQ50,Wycombe Hospita,HP11 2TT,England,-0.753273,51.6260369,E38000223,HP11,Wycombe,Community,South East
surrey_and_borders,surrey_and_borders,RXX10,Abraham Cowley Unit,KT16 0AE,England,-0.530423,51.3805629,E38000128,KT16,Runnymede,Community,South East
kent_and_medway_nh,kent_and_medway_nh,RXY6J,Beech House,ME16 9PH,England,0.4861611,51.27363,E38000199,ME16,Maidstone,Community,South East
western_sussex_hos,western_sussex_hos,RYR16,St Richard's Hospital,PO19 6SE,England,-0.7683055999999999,50.8435977,E38000213,PO19,Sussex,Acute,South East
western_sussex_hos,western_sussex_hos,RYR18,Worthing Hospital,BN11 2DH,England,-0.3635733,50.8161359,E38000213,BN11,Worthing,Acute,South East
kent_community_hea,kent_community_hea,RYYDC,Tonbridge Cottage Hospital,TN11 0NE,England,0.2738676,51.17848120000001,E38000199,TN11,Sevenoaks,NA,South East
glan_clwyd_hospita,glan_clwyd_hospita,7A1A1,Ysbyty Glan Clwyd,LL18 5UJ,Wales,-3.4971896,53.27265509999999,W11000023,LL18,Conwy,Acute,Wales
wrexham_maelor_hos,wrexham_maelor_hos,7A1A4,Wrexham Maelor Hospital,LL13 7TD,Wales,-3.0101803,53.0461734,W11000023,LL13,Wrexham,Acute,Wales
wrexham_maelor_hos,wrexham_maelor_hos,7A1A7,Chirk Community Hospital,LL14 5LN,Wales,-3.0497713,52.94306479999999,W11000023,LL14,Wrexham,Community,Wales
glan_clwyd_hospita,glan_clwyd_hospita,7A1A8,Colwyn Bay Community Hospital,LL29 8AY,Wales,-3.7101306,53.2879873,W11000023,LL29,Conwy,Acute,Wales
glan_clwyd_hospita,glan_clwyd_hospita,7A1A9,Denbigh Community Hospital,LL16 3ES,Wales,-3.4094959,53.1860328,W11000023,LL16,Denbighshire,Acute,Wales
glan_clwyd_hospita,glan_clwyd_hospita,7A1AB,Holywell Community Hospital,CH8 7TZ,Wales,-3.215942,53.2694319,W11000023,CH8,Flintshire,Community,Wales
wrexham_maelor_hos,wrexham_maelor_hos,7A1AD,Mold Community Hospital,CH7 1RH,Wales,-3.1470377,53.1696683,W11000023,CH7,Flintshire,Community,Wales
glan_clwyd_hospita,glan_clwyd_hospita,7A1AF,Ruthin Community Hospital,LL15 1PS,Wales,-3.3028192,53.113277,W11000023,LL15,Denbighshire,Community,Wales
betsi_cadwaladr_un,betsi_cadwaladr_un,7A1AU,Ysbyty Gwynedd,LL57 2PW,Wales,-4.1577568,53.2086374,W11000023,LL57,Gwynedd,Acute,Wales
betsi_cadwaladr_un,betsi_cadwaladr_un,7A1AV,Llandudno General Hospital Site,LL30 1LB,Wales,-3.8287232,53.3097232,W11000023,LL30,Conwy,Acute,Wales
betsi_cadwaladr_un,betsi_cadwaladr_un,7A1AX,Bryn Beryl Hospital,LL53 6TT,Wales,-4.400593,52.9094906,W11000023,LL53,Gwynedd,Community,Wales
betsi_cadwaladr_un,betsi_cadwaladr_un,7A1AY,Dolgellau & Barmouth District Hospital Site,LL40 1NT,Wales,-3.8815696,52.7409311,W11000023,LL40,Gwynedd,Acute,Wales
betsi_cadwaladr_un,betsi_cadwaladr_un,7A1CA,Ysbyty Alltwen,LL49 9RN,Wales,-4.1482957,52.9380429,W11000023,LL49,Gwynedd,Community,Wales
wrexham_maelor_hos,wrexham_maelor_hos,7A1CC,Deeside Community Hospital,CH5 1XS,Wales,-3.0382829,53.2011159,W11000023,CH5,Flintshire,Community,Wales
betsi_cadwaladr_un,betsi_cadwaladr_un,7A1DC,Ysbyty Penrhos Stanley,LL65 2QA,Wales,-4.6150793,53.3048702,W11000023,LL65,Anglesey,Community,Wales
betsi_cadwaladr_un,betsi_cadwaladr_un,7A1DD,Cefni Hospital,LL77 7PP,Wales,-4.3044967,53.2567261,W11000023,LL77,Anglesey,Acute,Wales
betsi_cadwaladr_un,betsi_cadwaladr_un,7A1DG,Eryri Hospital,LL55 2YE,Wales,-4.2618395,53.1294717,W11000023,LL55,Gwynedd,Community,Wales
glangwili_general,glangwili_general,7A2AA,Glangwili Hospital Child Health Section,SA31 2AF,Wales,-4.2833874,51.8673069,W11000025,SA31,Carmarthenshire,Acute,Wales
morriston_hospital,morriston_hospital,7A3YA,Abertawe Bro Morgannwg University Lhb Bridgend Locality Office,CF31 3TP,Wales,-3.5506886,51.5024646,W11000030,CF31,Bridgend,Acute,Wales
cardiff_and_vale_u,cardiff_and_vale_u,7A4BV,University Hospital Of Wales,CF14 4XW,Wales,-3.1889835,51.5062635,W11000029,CF14,Cardiff,Acute,Wales
cardiff_and_vale_u,cardiff_and_vale_u,7A4H1,Noahs Ark Childrens Hospital For Wales,CF14 4XW,Wales,-3.1889835,51.5062635,W11000029,CF14,Cardiff,Acute,Wales
cwm_taf_morgannwg,cwm_taf_morgannwg,7A5B1,The Royal Glamorgan Hospital,CF72 8XR,Wales,-3.3905151,51.54798839999999,W11000030,CF72,Rhondda Cynon Taf,Acute,Wales
cwm_taf_morgannwg,cwm_taf_morgannwg,7A5B3,Prince Charles Hospital Site,CF47 9DT,Wales,-3.3861006,51.76433309999999,W11000030,CF47,Merthyr Tydfil,Acute,Wales
cwm_taf_morgannwg,cwm_taf_morgannwg,7A5CA,Ysbyty Cwm Rhondda,CF40 2LU,Wales,-3.4485196,51.6358678,W11000030,CF40,Rhondda Cynon Taf,Community,Wales
cwm_taf_morgannwg,cwm_taf_morgannwg,7A5HA,Ysbyty Cwm Cynon,CF45 4BZ,Wales,-3.3436056,51.6563332,W11000030,CF45,Rhondda Cynon Taf,Community,Wales
bronglais_general,bronglais_general,WB2AJ,Bronglais General Hospital,SY23 1AR,NA,-3.9454436,52.3595103,NA,SY23,Ceredigion,Acute,NA
prince_philip_hosp,prince_philip_hosp,WB3AL,Prince Philip Hospital,SA14 8QF,Wales,-4.134687,51.6922205,W11000025,SA14,Carmarthenshire,Acute,Wales
withybush_general,withybush_general,WF1BL,Withybush General Hospital,SA61 2PZ,Wales,-4.9664014,51.81300479999999,W11000025,SA61,Pembrokeshire,Acute,Wales
worcestershire_hea,worcestershire_hea,R1A0C,Kings Court 2,WR5 1JR,England,-2.1790534,52.1916459,E38000166,WR5,Worcester,Community,Midlands
walsall_healthcare,walsall_healthcare,RBK02,Manor Hospital,WS2 9PS,England,-1.9987338,52.5827581,E38000191,WS2,Walsall,Acute,Midlands
warwick_hospital,warwick_hospital,RJC02,Warwick Hospital,CV34 5BW,England,-1.5832152,52.2899502,E38000164,CV34,Warwick,Acute,Midlands
university_hospitac,university_hospitac,RJE01,Royal Stoke University Hospital,ST4 6QG,England,-2.2131842,53.0035193,E38000175,ST4,Staffordshire,Acute,Midlands
university_hospitac,university_hospitac,RJE09,County Hospital,ST16 3SA,England,-2.0976762,52.811099,E38000173,ST16,Staffordshire,Acute,Midlands
university_hospitab,university_hospitab,RKB01,University Hospital (Coventry),CV2 2DX,England,-1.443503,52.4214237,E38000038,CV2,Coventry,Acute,Midlands
robert_jones__agne,robert_jones__agne,RL131,Robert Jones & Agnes Hunt Orthopaedic Hospital,SY10 7AG,England,-3.0339306,52.8847485,E38000147,SY10,Shropshire,Acute,Midlands
the_royal_wolverha,the_royal_wolverha,RL403,New Cross Hospital,WV10 0QP,England,-2.09545,52.5981173,E38000210,WV10,Wolverhampton,Acute,Midlands
hereford_hospital,hereford_hospital,RLQ01,Hereford County Hospital,HR1 2ER,England,-2.7057682,52.0571202,E38000078,HR1,Hereford,Acute,Midlands
george_eliot_hospi,george_eliot_hospi,RLT01,George Eliot Hospital - Acute Services,CV10 7DJ,England,-1.4780378,52.5124839,E38000195,CV10,Nuneaton & Bedworth,Acute,Midlands
north_staffordshir,north_staffordshir,RLY88,Harplands Hospital,ST4 6RR,England,-2.2088852,53.000241,E38000175,ST4,Staffordshire,Community,Midlands
the_dudley_group_n,the_dudley_group_n,RNA01,Russells Hall Hospital,DY1 2HQ,England,-2.1186494,52.50193669999999,E38000046,DY1,Dudley,Acute,Midlands
birmingham_womens,birmingham_womens,RQ301,Birmingham Children's Hospital,B4 6NH,England,-1.8940943,52.4852316,E38000220,B4,Birmingham,Acute,Midlands
midlands_partnersh,midlands_partnersh,RRE11,St George's Hospital,ST16 3AG,England,-2.1102746,52.8110436,E38000173,ST16,Staffordshire,Mental,Midlands
the_royal_orthopae,the_royal_orthopae,RRJ05,Royal Orthopaedic Hospital,B31 2AP,England,-1.9611179,52.4213323,E38000220,B31,Birmingham,Community,Midlands
university_hospita,university_hospita,RRK02,Queen Elizabeth University Hospital Birmingham,B15 2GW,England,-1.9429313,52.4512054,E38000220,B15,Birmingham,Acute,Midlands
university_hospita,university_hospita,RRK03,Selly Oak Hospital (Acute),B29 6JD,England,-1.9375135000000001,52.43665009999999,E38000220,B29,Birmingham,Acute,Midlands
worcestershire_acu,worcestershire_acu,RWP50,Worcestershire Royal Hospital,WR5 1DD,England,-2.1807577,52.1903762,E38000166,WR5,Worcester,Acute,Midlands
sandwell_and_west,sandwell_and_west,RXK01,Sandwell General Hospital,B71 4HJ,England,-1.988654,52.5280341,E38000144,B71,Sandwell,Acute,Midlands
sandwell_and_west,sandwell_and_west,RXK02,City Hospital,B18 7QH,England,-1.9294268,52.4898214,E38000144,B18,Birmingham,Acute,Midlands
birmingham_and_sol,birmingham_and_sol,RXTC1,B1 Bsmht Hq,B1 3RB,England,-1.9176893,52.484519,E38000144,B1,Birmingham,Community,Midlands
shrewsbury__telfor,shrewsbury__telfor,RXWAS,Royal Shrewsbury Hospital,SY3 8XQ,England,-2.7941122,52.7094025,E38000147,SY3,Shropshire,Acute,Midlands
coventry__warwicks,coventry__warwicks,RYGHQ,Caludon Centre,CV2 2TE,England,-1.4452332,52.4225547,E38000038,CV2,Coventry,Community,Midlands
birmingham_communi,birmingham_communi,RYW23,Moseley Hall Hospital,B13 8JL,England,-1.8928914,52.4459229,E38000220,B13,Birmingham,Community,Midlands
black_country_heal,black_country_heal,TAJ52,Penn Hospital,WV4 5HN,England,-2.1595055,52.558579,E38000210,WV4,Wolverhampton,Mental,Midlands
ni_southern_trust,ni_southern_trust,ZT003,Southern Health & Social Care Trust,BT63 5QQ,Northern Ireland,-6.410234699999999,54.4334842,ZB001,BT63,Craigavon,Acute,Northern Ireland
weston_area_health,weston_area_health,RA7C2,Weston General Hospital,BS23 4TQ,England,-2.9704987,51.32221819999999,E38000222,BS23,North Somerset,Acute,South West
yeovil_district_ho,yeovil_district_ho,RA430,Yeovil District Hospital,BA21 4AT,England,-2.6346552,50.9447132,E38000150,BA21,South Somerset,Acute,South West
bristol_royal_infi,bristol_royal_infi,RA701,Bristol Royal Infirmary,BS2 8HW,England,-2.5960024,51.4592421,E38000222,BS2,Bristol,Acute,South West
university_hospitab,university_hospitab,RA707,St Michael's Hospital,BS2 8EG,England,-2.5994651,51.4591655,E38000222,BS2,Bristol,Community,South West
university_hospitab,university_hospitab,RA723,Bristol Royal Hospital For Children,BS2 8BJ,England,-2.5973155,51.45781710000001,E38000222,BS2,Bristol,Acute,South West
torbay_and_south_d,torbay_and_south_d,RA901,Torbay Hospital,TQ2 7AA,England,-3.5537918,50.48207799999999,E38000230,TQ2,Torbay,Acute,South West
musgrove_park_hosp,musgrove_park_hosp,RBA11,Musgrove Park Hospital,TA1 5DA,England,-3.1197782,51.0119699,E38000150,TA1,Somerset,Acute,South West
dorset_county_hosp,dorset_county_hosp,RBD01,Dorset County Hospital,DT1 2JY,England,-2.4465044,50.7131452,E38000045,DT1,West Dorset,Acute,South West
northern_devon_hea,northern_devon_hea,RBZ12,North Devon District Hospital,EX31 4JB,England,-4.0485919,51.0918588,E38000230,EX31,Exeter,Acute,South West
royal_united_hospi,royal_united_hospi,RD130,Royal United Hospital,BA1 3NG,England,-2.3911913,51.3928443,E38000009,BA1,Bath and North East Somerset,Acute,South West
poole_hospital_nhs,poole_hospital_nhs,RD300,Poole General Hospital,BH15 2JB,England,-1.9729043,50.7219387,E38000045,BH15,Poole,Acute,South West
dorset_healthcare,dorset_healthcare,RDY22,Alderney Hospital,BH12 4NB,England,-1.9397188,50.7492822,E38000045,BH12,Poole,Community,South West
dorset_healthcare,dorset_healthcare,RDYEF,Weymouth Community Hospital,DT4 7TB,England,-2.4506355,50.621086,E38000045,DT4,Weymouth and Portland,Community,South West
dorset_healthcare,dorset_healthcare,RDYEJ,Bridport Community Hospital,DT6 5DR,England,-2.7760039,50.7411796,E38000045,DT6,West Dorset,Community,South West
dorset_healthcare,dorset_healthcare,RDYER,Blandford Community Hospital,DT11 7DD,England,-2.1681446,50.8635994,E38000045,DT11,North Dorset,Community,South West
dorset_healthcare,dorset_healthcare,RDYEY,Westminster Memorial Hospital,SP7 8BD,England,-2.1999754,51.0045449,E38000045,SP7,North Dorset,Community,South West
dorset_healthcare,dorset_healthcare,RDYFE,Victoria Hospital W'borne,BH21 1ER,England,-1.9991342,50.8009165,E38000045,BH21,East Dorset,Community,South West
dorset_healthcare,dorset_healthcare,RDYFF,Swanage Communtiy Hospital,BH19 2ES,England,-1.961034,50.6053787,E38000045,BH19,Purbeck,NA,South West
royal_bournemouth,royal_bournemouth,RDZ20,Royal Bournemouth General Hospital,BH7 7DW,England,-1.8208896,50.7472965,E38000045,BH7,Bournemouth,Acute,South West
royal_cornwall,royal_cornwall,REF12,Royal Cornwall Hospital (Treliske),TR1 3LJ,England,-5.0902033,50.2675802,E38000089,TR1,Cornwall,Acute,South West
royal_devon_and_ex,royal_devon_and_ex,RH801,Royal Devon & Exeter Hospital,EX2 5DW,England,-3.5066228,50.71665729999999,E38000230,EX2,Exeter,Acute,South West
cornwall_partnersh,cornwall_partnersh,RJ827,Trengweath,TR15 2SP,England,-5.2294325,50.2318547,E38000089,TR15,Cornwall,Community,South West
university_hospita,university_hospita,RK950,Derriford Hospital,PL6 8DH,England,-4.1129223,50.4157963,E38000230,PL6,Plymouth,Acute,South West
great_western_nhs,great_western_nhs,RM325,Wythenshawe Hospital,M23 9LT,England,-2.2923077,53.3882248,E38000217,M23,Manchester,Acute,North West
great_western_nhs,great_western_nhs,RN325,The Great Western Hospital,SN3 6BB,England,-1.7269622,51.5381499,E38000181,SN3,Swindon,Acute,South West
nihr_team_wessex,nihr_team_wessex,RNZ02,Salisbury District Hospital,SP2 8BJ,England,-1.7893701,51.0439934,E38000206,SP2,Wiltshire,Acute,South West
gloucester_royal_h,gloucester_royal_h,RTE03,Gloucestershire Royal Hospital,GL1 3NN,England,-2.2310417,51.86639,E38000062,GL1,Gloucester,Acute,South West
gloucestershire_he,gloucestershire_he,RTQ01,Charlton Lane Site,GL53 9DZ,England,-2.074041,51.8806126,E38000062,GL53,Tewkesbury,Community,South West
gloucestershire_he,gloucestershire_he,RTQ02,Wotton Lawn Hospital,GL1 3PX,England,-2.2266706,51.86644339999999,E38000062,GL1,Gloucester,Community,South West
gloucestershire_he,gloucestershire_he,RTQ04,Stroud General Hospital,GL5 2HY,England,-2.2079017,51.74298779999999,E38000062,GL5,Stroud,Community,South West
gloucestershire_he,gloucestershire_he,RTQ19,Lydney Hospital,GL15 5JE,England,-2.5374512,51.7271138,E38000062,GL15,Gloucester,NA,South West
gloucestershire_he,gloucestershire_he,RTQ21,Cirencester Hospital,GL7 1UY,England,-1.9753892,51.7120019,E38000062,GL7,Cotswold,Community,South West
gloucestershire_he,gloucestershire_he,RTQ85,Dilke Memorial Hospital,GL14 3HX,England,-2.5200773,51.8121302,E38000062,GL14,Gloucester,Community,South West
gloucestershire_he,gloucestershire_he,RTQ87,Tewkesbury General Hospital,GL20 5QN,England,-2.1529532,51.9918179,E38000062,GL20,Tewkesbury,Community,South West
southmead_hospital,southmead_hospital,RVJ01,Southmead Hospital,BS10 5NB,England,-2.591155,51.4963121,E38000222,BS10,Bristol,Acute,South West
university_hospitab,university_hospitab,RVN3Q,Blackberry Hill Hospital,BS16 2EW,England,-2.5394343,51.4833106,E38000222,BS16,Bristol,Mental,South West
devon_partnership,devon_partnership,RWV62,Wonford House,EX2 5AF,England,-3.5064609,50.7153626,E38000230,EX2,Exeter,Community,South West
