redcap_data_access_group,redcap_data_access_group_unlabelled,dag_id,place_name,postcode,country,lon,lat,ccg,postcode_start,city,nhs_region
University Hospitals of Leicester,university_hospitaj,TWEAA,Leicester Royal Infirmary,LE1 5WW,England,-1.1348028,52.6278166,E38000097,LE1,Leicester,Midlands
Bronglais General Hospital,bronglais_general,WB2AJ,Bronglais General Hospital,SY23 1ER,Wales,-4.0711821,52.4164121,W11000025,SY23,Ceredigion,Wales
Prince Philip Hospital,prince_philip_hosp,WB3AL,Prince Philip Hospital,SA14 8QF,Wales,-4.134687,51.6922205,W11000025,SA14,Carmarthenshire,Wales
Withybush General Hospital,withybush_general,WF1BL,Withybush General Hospital,SA61 2PZ,Wales,-4.9664014,51.81300479999999,W11000025,SA61,Pembrokeshire,Wales
Glan Clwyd Hospital,glan_clwyd_hospita,7A1A1,Ysbyty Glan Clwyd,LL18 5UJ,Wales,-3.4971896,53.27265509999999,W11000023,LL18,Conwy,Wales
Wrexham Maelor Hospital,wrexham_maelor_hos,7A1A4,Wrexham Maelor Hospital,LL13 7TD,Wales,-3.0101803,53.0461734,W11000023,LL13,Wrexham,Wales
Wrexham Maelor Hospital,wrexham_maelor_hos,7A1A7,Chirk Community Hospital,LL14 5LN,Wales,-3.0497713,52.94306479999999,W11000023,LL14,Wrexham,Wales
Glan Clwyd Hospital,glan_clwyd_hospita,7A1A8,Colwyn Bay Community Hospital,LL29 8AY,Wales,-3.7101306,53.2879873,W11000023,LL29,Conwy,Wales
Glan Clwyd Hospital,glan_clwyd_hospita,7A1A9,Denbigh Community Hospital,LL16 3ES,Wales,-3.4094959,53.1860328,W11000023,LL16,Denbighshire,Wales
Glan Clwyd Hospital,glan_clwyd_hospita,7A1AB,Holywell Community Hospital,CH8 7TZ,Wales,-3.215942,53.2694319,W11000023,CH8,Flintshire,Wales
Wrexham Maelor Hospital,wrexham_maelor_hos,7A1AD,Mold Community Hospital,CH7 1RH,Wales,-3.1470377,53.1696683,W11000023,CH7,Flintshire,Wales
Glan Clwyd Hospital,glan_clwyd_hospita,7A1AF,Ruthin Community Hospital,LL15 1PS,Wales,-3.3028192,53.113277,W11000023,LL15,Denbighshire,Wales
Betsi Cadwaladr University Health Board,betsi_cadwaladr_un,7A1AU,Ysbyty Gwynedd,LL57 2PW,Wales,-4.1577568,53.2086374,W11000023,LL57,Gwynedd,Wales
Betsi Cadwaladr University Health Board,betsi_cadwaladr_un,7A1AV,Llandudno General Hospital Site,LL30 1LB,Wales,-3.8287232,53.3097232,W11000023,LL30,Conwy,Wales
Betsi Cadwaladr University Health Board,betsi_cadwaladr_un,7A1AX,Bryn Beryl Hospital,LL53 6TT,Wales,-4.400593,52.9094906,W11000023,LL53,Gwynedd,Wales
Betsi Cadwaladr University Health Board,betsi_cadwaladr_un,7A1AY,Dolgellau & Barmouth District Hospital Site,LL40 1NT,Wales,-3.8815696,52.7409311,W11000023,LL40,Gwynedd,Wales
Betsi Cadwaladr University Health Board,betsi_cadwaladr_un,7A1CA,Ysbyty Alltwen,LL49 9RN,Wales,-4.1482957,52.9380429,W11000023,LL49,Gwynedd,Wales
Wrexham Maelor Hospital,wrexham_maelor_hos,7A1CC,Deeside Community Hospital,CH5 1XS,Wales,-3.0382829,53.2011159,W11000023,CH5,Flintshire,Wales
Betsi Cadwaladr University Health Board,betsi_cadwaladr_un,7A1DC,Ysbyty Penrhos Stanley,LL65 2QA,Wales,-4.6150793,53.3048702,W11000023,LL65,Anglesey,Wales
Betsi Cadwaladr University Health Board,betsi_cadwaladr_un,7A1DD,Cefni Hospital,LL77 7PP,Wales,-4.3044967,53.2567261,W11000023,LL77,Anglesey,Wales
Betsi Cadwaladr University Health Board,betsi_cadwaladr_un,7A1DG,Eryri Hospital,LL55 2YE,Wales,-4.2618395,53.1294717,W11000023,LL55,Gwynedd,Wales
Glangwili General Hospital,glangwili_general,7A2AA,Glangwili Hospital Child Health Section,SA31 2AF,Wales,-4.2833874,51.8673069,W11000025,SA31,Carmarthenshire,Wales
"Morriston Hospital, Swansea",morriston_hospital,7A3YA,Abertawe Bro Morgannwg University Lhb Bridgend Locality Office,CF31 3TP,Wales,-3.5506886,51.5024646,W11000030,CF31,Bridgend,Wales
Cardiff and Vale University Health Board,cardiff_and_vale_u,7A4BV,University Hospital Of Wales,CF14 4XW,Wales,-3.1889835,51.5062635,W11000029,CF14,Cardiff,Wales
Cardiff and Vale University Health Board,cardiff_and_vale_u,7A4H1,Noahs Ark Childrens Hospital For Wales,CF14 4XW,Wales,-3.1889835,51.5062635,W11000029,CF14,Cardiff,Wales
Cwm Taf Morgannwg University Health Board,cwm_taf_morgannwg,7A5B1,The Royal Glamorgan Hospital,CF72 8XR,Wales,-3.3905151,51.54798839999999,W11000030,CF72,Rhondda Cynon Taf,Wales
Cwm Taf Morgannwg University Health Board,cwm_taf_morgannwg,7A5B3,Prince Charles Hospital Site,CF47 9DT,Wales,-3.3861006,51.76433309999999,W11000030,CF47,Merthyr Tydfil,Wales
Cwm Taf Morgannwg University Health Board,cwm_taf_morgannwg,7A5CA,Ysbyty Cwm Rhondda,CF40 2LU,Wales,-3.4485196,51.6358678,W11000030,CF40,Rhondda Cynon Taf,Wales
Cwm Taf Morgannwg University Health Board,cwm_taf_morgannwg,7A5HA,Ysbyty Cwm Cynon,CF45 4BZ,Wales,-3.3436056,51.6563332,W11000030,CF45,Rhondda Cynon Taf,Wales
NHS Ayrshire and Arran,nhs_ayrshire_and_a,A103H,Ayrshire Central Hospital,KA12 8SS,Scotland,-4.6748227,55.6349014,S08000015,KA12,North Ayrshire,Scotland
NHS Ayrshire and Arran,nhs_ayrshire_and_a,A111H,University Hospital Crosshouse,KA2 0BE,Scotland,-4.540130899999999,55.6135442,S08000015,KA2,East Ayrshire,Scotland
NHS Ayrshire and Arran,nhs_ayrshire_and_a,A210H,University Hospital Ayr,KA6 6DX,Scotland,-4.5939607,55.428935,S08000015,KA6,East Ayrshire,Scotland
Borders General Hospital,borders_general_ho,B120H,Borders General Hospital,TD6 9BS,Scotland,-2.7419408,55.5954785,S08000016,TD6,Scottish Borders,Scotland
NHS Highland,nhs_highland,C106H,Cowal Community Hospital,PA23 7RL,Scotland,-4.927129,55.9569856,S08000022,PA23,Argyllshire,Scotland
NHS Highland,nhs_highland,C121H,Lorn & Islands Hospital,PA34 4HH,Scotland,-5.4750995,56.4007089,S08000022,PA34,Argyllshire,Scotland
NHS Highland,nhs_highland,C122H,Campbeltown Hospital,PA28 6LE,Scotland,-5.606007399999999,55.4209057,S08000022,PA28,Argyllshire,Scotland
Golden Jubilee National Hospital,golden_jubilee_nat,D102H,Golden Jubilee National Hospital,G81 4DY,Scotland,-4.420353899999999,55.9059298,S08000031,G81,West Dunbartonshire,Scotland
Victoria Hospital Kirkcaldy,victoria_hospital,F701H,Cameron Hospital,KY8 5RR,Scotland,-3.0606955,56.1866783,S08000029,KY8,Fife,Scotland
Victoria Hospital Kirkcaldy,victoria_hospital,F704H,Victoria Hospital,KY2 5AH,Scotland,-3.1601871,56.1244623,S08000029,KY2,Fife,Scotland
Victoria Hospital Kirkcaldy,victoria_hospital,F708H,Adamson Hospital,KY15 4JG,Scotland,-3.0181746,56.3244035,S08000029,KY15,Fife,Scotland
Victoria Hospital Kirkcaldy,victoria_hospital,F716H,Glenrothes Hospital,KY7 5TG,Scotland,-3.182677,56.2049141,S08000029,KY7,Fife,Scotland
Victoria Hospital Kirkcaldy,victoria_hospital,F805H,Queen Margaret Hospital,KY12 0SU,Scotland,-3.4275625,56.0824334,S08000029,KY12,Fife,Scotland
"Queen Elizabeth University Hospital, Glasgow University Hospital Monklands Airdrie",queen_elizabeth_un,G405H,Queen Elizabeth University Hospital,G51 4TF,Scotland,-4.3392518,55.8626363,S08000031,G51,Glasgow,Scotland
NHS Highland,nhs_highland,H103H,Caithness General Hospital,KW1 5NS,Scotland,-3.0955804,58.44157999999999,S08000022,KW1,Highland,Scotland
NHS Highland,nhs_highland,H201H,Rni Community Hospital,IV3 5SF,Scotland,-4.231586399999999,57.47064259999999,S08000022,IV3,Highland,Scotland
NHS Highland,nhs_highland,H202H,Raigmore Hospital,IV2 3UJ,Scotland,-4.1928874,57.4741487,S08000022,IV2,Highland,Scotland
NHS Lanarkshire,nhs_lanarkshire,L106H,University Hospital Monklands,ML6 0JS,Scotland,-3.9998893,55.8657665,S08000032,ML6,North Lanarkshire,Scotland
NHS Lanarkshire,nhs_lanarkshire,L302H,University Hospital Hairmyres,G75 8RG,Scotland,-4.221977,55.7594711,S08000032,G75,South Lanarkshire,Scotland
NHS Lanarkshire,nhs_lanarkshire,L308H,University Hospital Wishaw,ML2 0DP,Scotland,-3.942015899999999,55.7736351,S08000032,ML2,North Lanarkshire,Scotland
Aberdeen Royal Infirmary,aberdeen_royal_inf,N101H,Aberdeen Royal Infirmary,AB25 2ZN,Scotland,-2.1372687,57.1546973,S08000020,AB25,Aberdeen,Scotland
NHS Lothian,nhs_lothian,S116H,Western General Hospital,EH4 2XU,Scotland,-3.2338808,55.9621052,S08000024,EH4,Edinburgh,Scotland
NHS Lothian,nhs_lothian,S225H,Royal Hospital For Sick Children (Edinburgh),EH9 1LF,Scotland,-3.1888575,55.93845779999999,S08000024,EH9,Edinburgh,Scotland
NHS Lothian,nhs_lothian,S308H,St John's Hospital,EH54 6PP,Scotland,-3.5235687,55.8914559,S08000024,EH54,West Lothian,Scotland
NHS Lothian,nhs_lothian,S313H,Ellen's Glen House,EH16 6FF,Scotland,-3.1501074,55.90922699999999,S08000024,EH16,Edinburgh,Scotland
NHS Lothian,nhs_lothian,S314H,Royal Infirmary Of Edinburgh At Little France,EH16 4SA,Scotland,-3.1347719,55.9218084,S08000024,EH16,Edinburgh,Scotland
Ninewells Hospital,ninewells_hospital,T101H,Ninewells Hospital,DD1 9SY,Scotland,-2.9913622,56.461653,S08000030,DD1,Dundee,Scotland
NHS Forth Valley,nhs_forth_valley,V217H,Forth Valley Royal Hospital,FK5 4WR,Scotland,-3.850585199999999,56.0256532,S08000019,FK5,Falkirk,Scotland
NHS Dumfries and Galloway,nhs_dumfries_and_g,Y146H,Dumfries & Galloway Royal Infirmary,DG2 8RX,Scotland,-3.6589259,55.0588049,S08000017,DG2,Dumfriesshire,Scotland
NI Southern Trust,ni_southern_trust,ZT003,Southern Health & Social Care Trust,BT63 5QQ,Northern Ireland,-6.410234699999999,54.4334842,ZB001,BT63,Craigavon,Northern Ireland
Manchester University NHS Foundation Trust,manchester_univers,R0A02,Manchester Royal Infirmary,M13 9WL,England,-2.226157,53.4628725,E38000217,M13,Manchester,North West
Manchester University NHS Foundation Trust,manchester_univers,R0A03,Royal Manchester Children's Hospital,M13 9WL,England,-2.2249666,53.4601835,E38000217,M13,Manchester,North West
Manchester University NHS Foundation Trust,manchester_univers,R0A07,Wythenshawe Hospital,M23 9LT,England,-2.2931695,53.3891236,E38000217,M23,Manchester,North West
Manchester University NHS Foundation Trust,manchester_univers,R0A09,Trafford General Hospital,M41 5SL,England,-2.370566,53.4537139,E38000187,M41,Trafford,North West
Solent NHS Trust,solent_nhs_trust,R1C03,Western Community Hospital,SO16 4XE,England,-1.4454465,50.9243458,E38000167,SO16,Southampton,South East
Isle of Wight NHS Trust,isle_of_wight_nhs,R1F01,St Mary's Hospital,PO30 5TG,England,-1.3013413,50.7107581,E38000087,PO30,Isle of Wight,South East
St Bartholomews,st_bartholomews,R1H12,The Royal London Hospital,E1 1FR,England,-0.0585176,51.5182221,E38000186,E1,Tower Hamlets,London
Northwick Park,northwick_park,R1K01,Northwick Park Hospital,HA1 3UJ,England,-0.3195181,51.57515009999999,E38000020,HA1,Harrow,London
Northwick Park,northwick_park,R1K02,Central Middlesex Hospital,NW10 7NS,England,-0.2686757,51.53096499999999,E38000020,NW10,Brent,London
London North West University Healthcare NHS Trust,london_north_west,R1K03,St Mark's Hospital,HA1 3UJ,England,-0.3202336,51.5759194,E38000020,HA1,Harrow,London
London North West University Healthcare NHS Trust,london_north_west,R1K04,Ealing Hospital,UB1 3HW,England,-0.3456642,51.5075825,E38000048,UB1,Ealing,London
Royal Surrey NHSFT,royal_surrey_nhsft,RA201,Royal Surrey County Hospital,GU2 7XX,England,-0.6083288,51.2405133,E38000214,GU2,Guildford,South East
Yeovil District Hospital,yeovil_district_ho,RA430,Yeovil District Hospital,BA21 4AT,England,-2.6345485,50.9448415,E38000150,BA21,South Somerset,South West
Bristol Royal Infirmary,bristol_royal_infi,RA701,Bristol Royal Infirmary,BS2 8HW,England,-2.5967856,51.458344,E38000222,BS2,Bristol,South West
University Hospitals Bristol NHFT,university_hospitag,RA707,St Michael's Hospital,BS2 8EG,England,-2.6,51.4591667,E38000222,BS2,Bristol,South West
University Hospitals Bristol NHFT,university_hospitag,RA723,Bristol Royal Hospital For Children,BS2 8BJ,England,-2.5971828,51.4578733,E38000222,BS2,Bristol,South West
Torbay and south Devon Hospital,torbay_and_south_d,RA901,Torbay Hospital,TQ2 7AA,England,-3.5539082,50.4823211,E38000230,TQ2,Torbay,South West
Bradford Teaching Hospitals NHSFT,bradford_teaching,RAE01,Bradford Royal Infirmary,BD9 6RJ,England,-1.7966408,53.806631,E38000019,BD9,Bradford,North East and Yorkshire
Mid and South Essex University Hospitals Group,mid_and_south_esse,RAJ01,Southend Hospital,SS0 0RY,England,0.6877327999999999,51.5538593,E38000168,SS0,Southend-on-Sea,East of England
Royal Free Hospital,royal_free_hospita,RAL01,Royal Free Hospital,NW3 2QG,England,-0.1659994,51.55314749999999,E38000027,NW3,Camden,London
Royal Free Hospital,royal_free_hospita,RAL26,Barnet Hospital,EN5 3DJ,England,-0.2144865,51.6506333,E38000005,EN5,Barnet,London
North Middlesex University Hospital NHST,north_middlesex_un,RAPNM,North Middlesex University Hospital,N18 1QX,England,-0.07434059999999999,51.6131219,E38000057,N18,Enfield,London
Hillingdon Hospital,hillingdon_hospita,RAS01,Hillingdon Hospital,UB8 3NN,England,-0.4612385,51.5252078,E38000082,UB8,Hillingdon,London
Kingston Hospital NHS Foundation Trust,kingston_hospital,RAX01,Kingston Hospital,KT2 7QB,England,-0.2820917,51.4150364,E38000090,KT2,Kingston upon Thames,London
Musgrove Park Hospital,musgrove_park_hosp,RBA11,Musgrove Park Hospital,TA1 5DA,England,-3.1203012,51.0118016,E38000150,TA1,Somerset,South West
Dorset County Hospital NHFT,dorset_county_hosp,RBD01,Dorset County Hospital,DT1 2JY,England,-2.4459531,50.7129199,E38000045,DT1,West Dorset,South West
Walsall Healthcare NHST,walsall_healthcare,RBK02,Manor Hospital,WS2 9PS,England,-1.9986992,52.5829306,E38000191,WS2,Walsall,Midlands
Wirral University Teaching Hospital NHFT,wirral_university,RBL14,Arrowe Park Hospital,CH49 5PE,England,-3.0953283,53.369813,E38000208,CH49,Wirral,North West
Whiston Hospital,whiston_hospital,RBN01,Whiston Hospital,L35 5DR,England,-2.7853229,53.4212302,E38000091,L35,Knowsley,North West
Royal Liverpool & Broadgreen University Hospitals NHSFT,royal_liverpool__b,RBQHQ,Liverpool Heart And Chest Hospital,L14 3PE,England,-2.8995803000000002,53.41196799999999,E38000101,L14,Liverpool,North West
Mid Cheshire Hospital Trust,mid_cheshire_hospi,RBT20,Leighton Hospital,CW1 4QJ,England,-2.4765188,53.1184442,E38000151,CW1,Cheshire East,North West
The Christie NHSFT,the_christie_nhsft,RBV01,The Christie Main Site,M20 4BX,England,-2.228165,53.4295649,E38000217,M20,Manchester,North West
Northern Devon Healthcare Trust,northern_devon_hea,RBZ12,North Devon District Hospital,EX31 4JB,England,-4.0506281,51.0924056,E38000230,EX31,Exeter,South West
Luton and Dunstable,luton_and_dunstabl,RC971,Luton And Dunstable Hospital,LU4 0DZ,England,-0.4746371,51.8947933,E38000102,LU4,Luton,East of England
York Teaching Hospital NHS Foundation Trust,york_teaching_hosp,RCB55,The York Hospital,YO31 8HE,England,-1.0835656,53.9699889,E38000188,YO31,York,North East and Yorkshire
York Teaching Hospital NHS Foundation Trust,york_teaching_hosp,RCBCA,Scarborough Hospital,YO12 6QL,England,-0.4373861,54.2815045,E38000145,YO12,North Yorkshire,North East and Yorkshire
Harrogate District Hospital,harrogate_district,RCD01,Harrogate District Hospital,HG2 7SX,England,-1.5175624,53.9937105,E38000073,HG2,Harrogate,North East and Yorkshire
Airedale General Hospital,airedale_general_h,RCF22,Airedale General Hospital,BD20 6TD,England,-1.964165,53.89774389999999,E38000001,BD20,Bradford,North East and Yorkshire
Sheffield Children's NHS Foundation Trust,sheffield_children,RCUEF,Sheffield Children's Hospital,S10 2TH,England,-1.4895067,53.3804284,E38000146,S10,Sheffield,North East and Yorkshire
The Queen Elizabeth Hospital King's Lynn NHS Foundation Trust,the_queen_elizabet,RCX70,The Queen Elizabeth Hospital,PE30 4ET,England,0.4462463,52.7564633,E38000203,PE30,West Norfolk,East of England
Royal United Hospitals Bath NHSFT,royal_united_hospi,RD130,Royal United Hospitals,BA1 3NG,England,-2.3907418,51.3918072,E38000009,BA1,Bath and North East Somerset,South West
Milton Keynes University Hospital,milton_keynes_univ,RD816,Milton Keynes Hospital,MK6 5LD,England,-0.7351835999999999,52.0280676,E38000107,MK6,Milton Keynes,East of England
Basildon and Thurrock University Hospitals NHS,basildon_and_thurr,RDDH0,Basildon University Hospital,SS16 5NL,England,0.4528707,51.5587488,E38000007,SS16,Basildon,East of England
Ipswich Hospital,ipswich_hospital,RDE03,Ipswich Hospital,IP4 5PD,England,1.1981153,52.0579075,E38000086,IP4,Ipswich,East of England
East Suffolk and North Essex NHFT,east_suffolk_and_n,RDEE4,Colchester General Hospital,CO4 5JL,England,0.8991194999999998,51.9102689,E38000117,CO4,Colchester,East of England
Frimley Health NHSFT,frimley_health_nhs,RDU01,Frimley Park Hospital,GU16 7UJ,England,-0.7405398999999999,51.319438,E38000178,GU16,Surrey Heath,South East
Frimley Health NHSFT,frimley_health_nhs,RDU50,Wexham Park Hospital,SL2 4HL,England,-0.5742301,51.5323571,E38000224,SL2,South Buckinghamshire,South East
Dorset HealthCare University NHS Foundation Trust,dorset_healthcare,RDY22,Alderney Hospital,BH12 4NB,England,-1.9412327,50.7497348,E38000045,BH12,Poole,South West
Dorset HealthCare University NHS Foundation Trust,dorset_healthcare,RDYEF,Weymouth Community Hospital,DT4 7TB,England,-2.4507964,50.6212314,E38000045,DT4,Weymouth and Portland,South West
Dorset HealthCare University NHS Foundation Trust,dorset_healthcare,RDYEJ,Bridport Community Hospital,DT6 5DR,England,-2.7699287,50.74159419999999,E38000045,DT6,West Dorset,South West
Dorset HealthCare University NHS Foundation Trust,dorset_healthcare,RDYER,Blandford Community Hospital,DT11 7DD,England,-2.1665474,50.8615915,E38000045,DT11,North Dorset,South West
Dorset HealthCare University NHS Foundation Trust,dorset_healthcare,RDYEY,Westminster Memorial Hospital,SP7 8BD,England,-2.20001,51.0048559,E38000045,SP7,North Dorset,South West
Dorset HealthCare University NHS Foundation Trust,dorset_healthcare,RDYFE,Victoria Hospital,BH21 1ER,England,-1.995904088,50.8022787,E38000045,BH21,East Dorset,South West
Royal Bournemouth and Christchurch Hospitals NHS Foundation Trust,royal_bournemouth,RDZ20,Royal Bournemouth Hospital,BH7 7DW,England,-1.821717,50.7469629,E38000045,BH7,Bournemouth,South West
Royal Cornwall,royal_cornwall,REF12,Royal Cornwall Hospital (Treliske),TR1 3LJ,England,-5.0922396,50.2662301,E38000089,TR1,Cornwall,South West
Aintree University Hospital,aintree_university,REM21,Aintree University Hospital,L9 7AL,England,-2.9317603,53.4656706,E38000101,L9,Liverpool,North West
Royal Liverpool & Broadgreen University Hospitals NHSFT,royal_liverpool__b,REMRQ,Royal Liverpool University Hospital,L7 8XP,England,-2.9641248,53.4093831,E38000101,L7,Liverpool,North West
Clatterbridge Cancer Centre NHSFT,clatterbridge_canc,REN20,The Clatterbridge Cancer Centre (Wirral),CH63 4JY,England,-3.0253293,53.3327713,E38000208,CH63,Wirral,North West
Liverpool Women's Hospital,liverpool_womens_h,REP01,Liverpool Women's Nhs Foundation Trust,L8 7SS,England,-2.959683,53.398919,E38000101,L8,Liverpool,North West
Barking Havering and Redbridge University NHST,barking_havering_a,RF4QH,Queen's Hospital,RM7 0AG,England,0.1790309,51.5689553,E38000077,RM7,Havering,London
Barnsley Hospital NHS Foundation Trust,barnsley_hospital,RFFAA,Barnsley Hospital,S75 2EP,England,-1.4995888,53.5582693,E38000006,S75,Barnsley,North East and Yorkshire
The Rotherham NHSFT,the_rotherham_nhsf,RFRPA,Rotherham Hospital,S60 2UD,England,-1.3425348,53.4142658,E38000141,S60,Rotherham,North East and Yorkshire
Chesterfield Royal Hospital NHSFT,chesterfield_royal,RFSDA,Chesterfield Royal Hospital,S44 5BL,England,-1.3974218,53.2364336,E38000229,S44,Bolsover,Midlands
Leeds and York Partnership NHS Foundation Trust,leeds_and_york_par,RGD05,The Mount,LS2 9LN,England,-1.559968,53.8045191,E38000225,LS2,Leeds,North East and Yorkshire
Leeds and York Partnership NHS Foundation Trust,leeds_and_york_par,RGDAB,Newsam Centre,LS14 6WB,England,-1.4718351,53.8047489,E38000225,LS14,Leeds,North East and Yorkshire
Leeds and York Partnership NHS Foundation Trust,leeds_and_york_par,RGDBL,Becklin Centre,LS9 7BE,England,-1.5248879,53.80566280000001,E38000225,LS9,Leeds,North East and Yorkshire
Royal Papworth Hospital NHSFT,royal_papworth_hos,RGM21,Royal Papworth Hospital,CB2 0AY,England,0.1368829,52.1730674,E38000026,CB2,Cambridge,East of England
North West Anglia NHSFT,north_west_anglia,RGN80,Peterborough City Hospital,PE3 9GZ,England,-0.2786177,52.5848352,E38000026,PE3,Peterborough,East of England
North West Anglia NHSFT,north_west_anglia,RGN90,Hinchingbrooke Hospital,PE29 6NT,England,-0.2026619,52.3328553,E38000026,PE29,Huntingdonshire,East of England
James Paget University Hospitals,james_paget_univer,RGP75,James Paget University Hospital,NR31 6LA,England,1.7178975,52.5618322,E38000063,NR31,Norfolk,East of England
West Suffolk Hospital,west_suffolk_hospi,RGR50,West Suffolk Hospital,IP33 2QZ,England,0.709248,52.2316146,E38000204,IP33,St Edmundsbury,East of England
Addenbrookes Hospital,addenbrookes_hospi,RGT01,Addenbrooke's,CB2 0QQ,England,0.1407275,52.1751006,E38000026,CB2,Cambridge,East of England
Royal Devon and Exeter Hospital,royal_devon_and_ex,RH801,Royal Devon And Exeter Hospital (Wonford),EX2 5DW,England,-3.506554,50.7162972,E38000230,EX2,Exeter,South West
University Hospital Southampton NHS Foundation Trust,university_hospitae,RHM01,Southampton General Hospital,SO16 5YA,England,-1.4348528,50.9353552,E38000167,SO16,Southampton,South East
Sheffield Teaching Hospitals NHS Foundation Trust,sheffield_teaching,RHQHH,Royal Hallamshire Hospital,S10 2JF,England,-1.4934336,53.3785462,E38000146,S10,Sheffield,North East and Yorkshire
Sheffield Teaching Hospitals NHS Foundation Trust,sheffield_teaching,RHQNG,Northern General Hospital,S5 7AU,England,-1.4562902,53.4104758,E38000146,S5,Sheffield,North East and Yorkshire
Portsmouth Hospitals NHS Trust,portsmouth_hospita,RHU03,Queen Alexandra Hospital,PO6 3LY,England,-1.0704622,50.8502412,E38000137,PO6,Hampshire,South East
Royal Berkshire Hospital,royal_berkshire_ho,RHW01,Royal Berkshire Hospital,RG1 5AN,England,-0.9581843999999999,51.4492924,E38000221,RG1,Berkshire,South East
Guys and St Thomas,guys_and_st_thomas,RJ122,St Thomas',SE1 7EH,England,-0.1188859,51.4991539,E38000092,SE1,Southwark,London
Lewisham and Greenwich NHS Trust,lewisham_and_green,RJ224,University Hospital Lewisham,SE13 6LH,England,-0.0170139,51.45306249999999,E38000098,SE13,Lewisham,London
Lewisham and Greenwich NHS Trust,lewisham_and_green,RJ231,Queen Elizabeth Hospital,SE18 4QH,England,0.0500086,51.477949,E38000066,SE18,Greenwich,London
Croydon Health Services NHS Trust,croydon_health_ser,RJ611,Croydon University Hospital,CR7 7YE,England,-0.1111861,51.3892939,E38000040,CR7,Croydon,London
St George's University Hospitals NHS Foundation Trust,st_georges_univers,RJ701,St George's Hospital,SW17 0QT,England,-0.1752284,51.42656299999999,E38000193,SW17,Wandsworth,London
Warwick Hospital,warwick_hospital,RJC02,Warwick Hospital,CV34 5BW,England,-1.5837413,52.2903799,E38000164,CV34,Warwick,Midlands
University Hospitals of North Midlands NHST,university_hospital,RJE01,Royal Stoke University Hospital,ST4 6QG,England,-2.2129403,53.0038144,E38000175,ST4,Staffordshire,Midlands
University Hospitals of North Midlands NHST,university_hospital,RJE09,County Hospital,ST16 3SA,England,-2.09816,52.8107173,E38000173,ST16,Staffordshire,Midlands
Northern Lincolnshire and Goole NHSFT,northern_lincolnsh,RJL30,Diana,DN33 2BA,England,-0.0952845,53.54485440000001,E38000119,DN33,North East Lincolnshire,North East and Yorkshire
Northern Lincolnshire and Goole NHSFT,northern_lincolnsh,RJL32,Scunthorpe General Hospital,DN15 7BH,England,-0.6670105000000001,53.5873453,E38000122,DN15,North Lincolnshire,North East and Yorkshire
Macclesfield District General Hospital,macclesfield_distr,RJN71,Macclesfield District General Hospital,SK10 3BL,England,-2.1416683,53.2621328,E38000056,SK10,Cheshire East,North West
Countess Of Chester Hospital,countess_of_cheste,RJR05,Countess Of Chester Hospital,CH2 1UL,England,-2.8972333,53.2098063,E38000196,CH2,Cheshire West and Chester,North West
King's College Hospital,kings_college_hosp,RJZ01,King's College Hospital,SE5 9RS,England,-0.0938548,51.4681404,E38000092,SE5,Lambeth,London
Sherwood Forest Hospitals NHSFT,sherwood_forest_ho,RK5BC,King's Mill Hospital,NG17 4JL,England,-1.2345498,53.1357763,E38000103,NG17,Ashfield,Midlands
University Hospital Plymouth,university_hospitad,RK950,Derriford Hospital,PL6 8DH,England,-4.116408,50.4166994,E38000230,PL6,Plymouth,South West
University Hospitals Coventry and Warwickshire NHS Trust,university_hospitah,RKB01,University Hospital (Coventry),CV2 2DX,England,-1.4376872,52.4211586,E38000038,CV2,Coventry,Midlands
Whittington Health NHST,whittington_health,RKEQ4,The Whittington Hospital,N19 5NF,England,-0.138456,51.5669332,E38000088,N19,Islington,London
The Royal Wolverhampton NHS Trust,the_royal_wolverha,RL403,New Cross Hospital,WV10 0QP,England,-2.0953929,52.5995052,E38000210,WV10,Wolverhampton,Midlands
Robert Jones & Agnes Hunt Orthopaedic Hospital NHS Foundation Trust,robert_jones__agne,RL131,The Robert Jones And Agnes Hunt Orthopaedic Hospital,SY10 7AG,England,-3.0335905,52.88446709999999,E38000147,SY10,Shropshire,Midlands
Hereford Hospital,hereford_hospital,RLQ01,The County Hospital,HR1 2ER,England,-2.7058348,52.0574483,E38000078,HR1,Hereford,Midlands
George Eliot Hospital,george_eliot_hospi,RLT01,George Eliot Hospital,CV10 7DJ,England,-1.4760659,52.5118749,E38000195,CV10,Nuneaton & Bedworth,Midlands
North Staffordshire Combined Healthcare NHS Trust,north_staffordshir,RLY88,Harplands Hospital,ST4 6RR,England,-2.2098219,53.00080089999999,E38000175,ST4,Staffordshire,Midlands
Norfolk and Norwich University Hospital NHSFT,norfolk_and_norwic,RM102,Norfolk And Norwich University Hospital,NR4 7UY,England,1.2210669,52.6180858,E38000219,NR4,Norfolk,East of England
Salford Royal NHSFT,salford_royal_nhsf,RM301,Salford Royal,M6 8HD,England,-2.3238955,53.487482,E38000143,M6,Salford,North West
Bolton NHST,bolton_nhst,RMC01,Royal Bolton Hospital,BL4 0JR,England,-2.4300561,53.5524262,E38000016,BL4,Bolton,North West
Tameside Hospital Integrated Care NHSFT,tameside_hospital,RMP01,Tameside General Hospital,OL6 9RW,England,-2.0715971,53.4930995,E38000182,OL6,Tameside,North West
Norfolk and Suffolk NHS Foundation Trust,norfolk_and_suffol,RMY01,Wellbeing Norfolk & Waveney,NR6 5SJ,England,1.2500498,52.6602058,E38000218,NR6,Norfolk,East of England
Great Western NHS FT,great_western_nhs,RN325,The Great Western Hospital,SN3 6BB,England,-1.7274933,51.5384082,E38000181,SN3,Swindon,South West
Hampshire Hospitals NHS Foundation Trust,hampshire_hospital,RN506,Basingstoke And North Hampshire Hospital,RG24 9NA,England,-1.1111343,51.2803791,E38000120,RG24,Hampshire,South East
Hampshire Hospitals NHS Foundation Trust,hampshire_hospital,RN541,Royal Hampshire County Hospital,SO22 5DG,England,-1.3292518,51.0617768,E38000198,SO22,Winchester,South East
Dartford and Gravesham NHS Trust,dartford_and_grave,RN707,Darent Valley Hospital,DA2 8DA,England,0.258883,51.4352521,E38000043,DA2,Dartford,South East
The Dudley Group NHSFT,the_dudley_group_n,RNA01,Russells Hall Hospital,DY1 2HQ,England,-2.1189906,52.50251420000001,E38000046,DY1,Dudley,Midlands
North Cumbria Integrated Care NHSFT,north_cumbria_inte,RNNBE,Penrith Hospital,CA11 8HX,England,-2.7430129,54.65668609999999,E38000215,CA11,Eden,North East and Yorkshire
North Cumbria Integrated Care NHSFT,north_cumbria_inte,RNNCB,Cockermouth Community Hospital,CA13 9HT,England,-3.3584645,54.6671369,E38000215,CA13,Allerdale,North East and Yorkshire
Kettering General Hospital NHSFT,kettering_general,RNQ51,Kettering General Hospital,NN16 8UZ,England,-0.7416706,52.4018398,E38000108,NN16,Kettering,Midlands
Northampton General Hospital NHS Trust,northampton_genera,RNS01,Northampton General Hospital (Acute),NN1 5BD,England,-0.8842779,52.23613659999999,E38000108,NN1,Northampton,Midlands
NIHR Team (Wessex),nihr_team_wessex,RNZ02,Salisbury District Hospital,SP2 8BJ,England,-1.7883697,51.0452592,E38000206,SP2,Wiltshire,South West
Doncaster and Bassetlaw Teaching Hospitals NHFT,doncaster_and_bass,RP5BA,Bassetlaw Hospital,S81 0BD,England,-1.1103379,53.3165473,E38000008,S81,Bassetlaw,North East and Yorkshire
Doncaster and Bassetlaw Teaching Hospitals NHFT,doncaster_and_bass,RP5DR,Doncaster Royal Infirmary,DN2 5LT,England,-1.1095729,53.5308139,E38000044,DN2,Doncaster,North East and Yorkshire
Great Ormond Street Hospital,great_ormond_stree,RP401,Great Ormond Street Hospital,WC1N 3JH,England,-0.1207462,51.5218626,E38000027,WC1N,Camden,London
Medway NHSFT,medway_nhsft,RPA02,Medway Maritime Hospital,ME7 5NY,England,0.5416722,51.3796444,E38000104,ME7,Medway,South East
The Royal Marsden NHST,the_royal_marsden,RPY01,The Royal Marsden Hospital (London),SW3 6JJ,England,-0.1729471,51.49097889999999,E38000202,SW3,Kensington and Chelsea,London
The Royal Marsden NHST,the_royal_marsden,RPY02,The Royal Marsden Hospital (Surrey),SM2 5PT,England,-0.1910219,51.34344859999999,E38000179,SM2,Sutton,London
Mid and South Essex University Hospitals Group,mid_and_south_esse,RQ8L0,Broomfield Hospital,CM1 7ET,England,0.4667492,51.7744639,E38000106,CM1,Chelmsford,East of England
Birmingham Women's & Children's NHS Foundation Trust,birmingham_womens,RQ301,Birmingham Children's Hospital,B4 6NH,England,-1.8937147,52.4847654,E38000220,B4,Birmingham,Midlands
Chelsea & Westminster Hospital,chelsea__westminst,RQM01,Chelsea And Westminster Hospital,SW10 9NH,England,-0.182401,51.4849533,E38000202,SW10,Kensington and Chelsea,London
The Princess Alexandra Hospital,the_princess_alexa,RQWG0,Princess Alexandra Hospital,CM20 1QX,England,0.0858092,51.77104989999999,E38000197,CM20,Harlow,East of England
Homerton University Hospital,homerton_universit,RQXM1,Homerton University Hospital,E9 6SR,England,-0.0461232,51.5504182,E38000035,E9,Hackney,London
Gateshead Health NHSFT,gateshead_health_n,RR7EN,Queen Elizabeth Hospital,NE9 6SX,England,-1.5821895,54.9385771,E38000212,NE9,Gateshead,North East and Yorkshire
Leeds Teaching Hospitals NHST,leeds_teaching_hos,RR801,Leeds General Infirmary,LS1 3EX,England,-1.5528919,53.80254309999999,E38000225,LS1,Leeds,North East and Yorkshire
Leeds Teaching Hospitals NHST,leeds_teaching_hos,RR813,St James's Hospital,LS9 7TF,England,-1.5192863,53.80674800000001,E38000225,LS9,Leeds,North East and Yorkshire
Midlands Partnership NHS Foundation Trust,midlands_partnersh,RRE11,St George's,ST16 3SR,England,-2.1089458,52.8098957,E38000173,ST16,Staffordshire,Midlands
Royal Albert Edward Infirmary,royal_albert_edwar,RRF02,Royal Albert Edward Infirmary,WN1 2NN,England,-2.6294065,53.5581785,E38000205,WN1,Wigan,North West
The Royal Orthopaedic Hospital NHS Foundation Trust,the_royal_orthopae,RRJ05,Royal Orthopaedic Hospital,B31 2AP,England,-1.9612097,52.4206157,E38000220,B31,Birmingham,Midlands
Cambridge and Peterborough NHS Foundation Trust,cambridge_and_pete,RT113,Fulbourn Hospital,CB21 5EF,England,0.18769,52.184934,E38000026,CB21,Cambridge,East of England
Royal Brompton and Harefield NHFT,royal_brompton_and,RT301,Harefield Hospital,UB9 6JH,England,-0.482717,51.60689199999999,E38000082,UB9,South Buckinghamshire,London
Royal Brompton and Harefield NHFT,royal_brompton_and,RT302,Royal Brompton Hospital,SW3 6NP,England,-0.170181,51.489249,E38000202,SW3,Kensington and Chelsea,London
The Newcastle upon Tyne Hospitals NHSFT,the_newcastle_upon,RTD02,The Royal Victoria Infirmary,NE1 4LP,England,-1.6190553,54.98020570000001,E38000212,NE1,Newcastle,North East and Yorkshire
Gloucester Royal Hospital,gloucester_royal_h,RTE03,Gloucestershire Royal Hospital,GL1 3NN,England,-2.232898,51.8660784,E38000062,GL1,Gloucester,South West
Northumbria Healthcare NHS Trust,northumbria_health,RTF86,Northumbria Specialist Emergency Care Hospital,NE23 6NZ,England,-1.5693347,55.0742008,E38000130,NE23,Northumberland,North East and Yorkshire
Northumbria Healthcare NHS Trust,northumbria_health,RTFED,Wansbeck General Hospital,NE63 9JJ,England,-1.5467146,55.1842407,E38000130,NE63,Northumberland,North East and Yorkshire
Northumbria Healthcare NHS Trust,northumbria_health,RTFFS,North Tyneside General Hospital,NE29 8NH,England,-1.467913,55.0254219,E38000127,NE29,North Tyneside,North East and Yorkshire
University Hospitals of Derby and Burton NHFT,university_hospitai,RTG02,Burton Hospital,DE13 0RB,England,-1.6561476,52.8175281,E38000053,DE13,East Staffordshire,Midlands
Oxford University Hospitals NHSFT,oxford_university,RTH08,John Radcliffe Hospital,OX3 9DU,England,-1.2188774,51.764391,E38000136,OX3,Oxford,South East
Ashford and St Peters Hospital NHSFT,ashford_and_st_pet,RTK01,St Peter's Hospital,KT16 0PZ,England,-0.5276927,51.3773496,E38000128,KT16,Runnymede,South East
Surrey and Sussex Healthcare NHST,surrey_and_sussex,RTP04,East Surrey Hospital,RH1 5RH,England,-0.1624018,51.2189735,E38000054,RH1,Reigate and Banstead,South East
Gloucestershire Health and Care NHS Foundation Trust,gloucestershire_he,RTQ01,Charlton Lane Hospital,GL53 9DZ,England,-2.0731264,51.880653,E38000062,GL53,Tewkesbury,South West
Gloucestershire Health and Care NHS Foundation Trust,gloucestershire_he,RTQ02,Wotton Lawn Hospital,GL1 3WL,England,-2.227875,51.866934,E38000062,GL1,Gloucester,South West
South Tees Hospital NHS Foundation Trust,south_tees_hospita,RTRAT,The James Cook University Hospital,TS4 3BW,England,-1.2146772,54.5512379,E38000162,TS4,Middlesbrough,North East and Yorkshire
University Hospitals Of Morecambe Bay,university_hospitak,RTX02,Royal Lancaster Infirmary,LA1 4RP,England,-2.7995125,54.0423015,E38000228,LA1,Lancaster,North West
University Hospitals Of Morecambe Bay,university_hospitak,RTXBU,Furness General Hospital,LA14 4LF,England,-3.209166,54.136621,E38000228,LA14,Barrow-in-Furness,North West
University Hospitals Of Morecambe Bay,university_hospitak,RTXBW,Westmorland General Hospital,LA9 7RG,England,-2.732387,54.30653299999999,E38000228,LA9,South Lakeland,North West
Southmead Hospital,southmead_hospital,RVJ01,Southmead Hospital,BS10 5NB,England,-2.5916111,51.4968176,E38000222,BS10,Bristol,South West
University Hospitals Bristol NHFT,university_hospitag,RVN3Q,Blackberry Hill Hospital,BS16 2EW,England,-2.5406274,51.48274199999999,E38000222,BS16,Bristol,South West
Epsom & St Helier NHSFT,epsom__st_helier_n,RVR05,St Helier Hospital,SM5 1AA,England,-0.184798,51.3804058,E38000179,SM5,Sutton,London
East Kent Hospitals NHSFT,east_kent_hospital,RVV01,William Harvey Hospital (Ashford),TN24 0LZ,England,0.9144713,51.1414328,E38000002,TN24,Ashford,South East
East Kent Hospitals NHSFT,east_kent_hospital,RVV09,Queen Elizabeth The Queen Mother Hospital,CT9 4AN,England,1.3893986940383911,51.3780517578125,E38000184,CT9,Kent,South East
East Kent Hospitals NHSFT,east_kent_hospital,RVVKC,Kent And Canterbury Hospital,CT1 3NG,England,1.0870102,51.2656432,E38000029,CT1,Kent,South East
University Hospital of North Tees,university_hospitab,RVWAE,University Hospital Of North Tees,TS19 8PE,England,-1.3472709,54.58249679999999,E38000075,TS19,Stockton-on-Tees,North East and Yorkshire
Southport and Ormskirk Hospital NHS Trust,southport_and_orms,RVY01,Southport And Formby District General Hospital,PR8 6PN,England,-2.9783424,53.6338135,E38000170,PR8,Sefton,North West
Southern Health NHS Foundation Trust,southern_health_nh,RW154,Moorgreen Hospital,SO30 3JB,England,-1.3230366,50.9286512,E38000198,SO30,Eastleigh,South East
Merseycare NHS Foundation Trust,merseycare_nhs_fou,RW404,Ashworth Hospital,L31 1HW,England,-2.91282,53.5194542,E38000161,L31,Sefton,North West
Fairfield General Hospital,fairfield_general,RW601,Fairfield General Hospital,BL9 7TD,England,-2.254241,53.6007223,E38000024,BL9,Bury,North West
The Pennine Acute Hospitals NHS Trust,the_pennine_acute,RW602,North Manchester General Hospital,M8 5RB,England,-2.2301193,53.5184925,E38000217,M8,Manchester,North West
The Royal Oldham Hospital,the_royal_oldham_h,RW603,Royal Oldham Hospital,OL1 2JH,England,-2.1234986,53.55354999999999,E38000135,OL1,Oldham,North West
Hull University Teaching Hospitals,hull_university_te,RWA01,Hull Royal Infirmary,HU3 2JZ,England,-0.3582799,53.74422029999999,E38000085,HU3,Kingston upon Hull,North East and Yorkshire
Hull University Teaching Hospitals,hull_university_te,RWA16,Castle Hill Hospital,HU16 5JQ,England,-0.4438447,53.7788201,E38000052,HU16,East Riding of Yorkshire,North East and Yorkshire
United Lincolnshire Hospital NHST,united_lincolnshir,RWDDA,Lincoln County Hospital,LN2 5QY,England,-0.518118,53.2332975,E38000100,LN2,West Lindsey,Midlands
United Lincolnshire Hospital NHST,united_lincolnshir,RWDLA,Pilgrim Hospital,PE21 9QS,England,-0.0106477,52.9907719,E38000099,PE21,Boston,Midlands
United Lincolnshire Hospital NHST,united_lincolnshir,RWDLP,Grantham And District Hospital,NG31 8DG,England,-0.6406482,52.9210011,E38000165,NG31,South Kesteven,Midlands
University Hospitals of Leicester,university_hospitaj,RWEAA,Leicester Royal Infirmary,LE1 5WW,England,-1.1354407,52.6257466,E38000097,LE1,Leicester,Midlands
Maidstone and Tunbridge Wells NHST,maidstone_and_tunb,RWF03,Maidstone Hospital,ME16 9QQ,England,0.485145,51.274771200000004,E38000199,ME16,Maidstone,South East
Maidstone and Tunbridge Wells NHST,maidstone_and_tunb,RWFTW,Tunbridge Wells Hospital At Pembury,TN2 4QJ,England,0.3069464,51.1483335,E38000199,TN2,Tunbridge Wells,South East
West Hertfordshire Hospitals NHST,west_hertfordshire,RWG02,Watford General Hospital,WD18 0HB,England,-0.4032607,51.648629,E38000079,WD18,Watford,East of England
East and North Hertfordshire NHST,east_and_north_her,RWH01,Lister Hospital,SG1 4AB,England,-0.2126828,51.92415810000001,E38000049,SG1,Stevenage,East of England
Stockport NHSFT,stockport_nhsft,RWJ09,Stepping Hill Hospital,SK2 7JE,England,-2.1330712,53.3843971,E38000174,SK2,Stockport,North West
Worcestershire Acute Hospitals NHS Trust,worcestershire_acu,RWP50,Worcestershire Royal Hospital,WR5 1DD,England,-2.1811171,52.1912499,E38000166,WR5,Worcester,Midlands
Devon Partnership NHS Trust,devon_partnership,RWV62,Wonford House,EX2 5AF,England,-3.5062778,50.7153144,E38000230,EX2,Exeter,South West
Warrington and Halton Teaching Hospitals NHS Foundation Trust,warrington_and_hal,RWWWH,Warrington Hospital,WA5 1QG,England,-2.6100393,53.39386820000001,E38000194,WA5,Warrington,North West
Calderdale and Huddersfield NHS Trust,calderdale_and_hud,RWY01,Huddersfield Royal Infirmary,HD3 3EA,England,-1.8157482,53.6552958,E38000064,HD3,Kirklees,North East and Yorkshire
Nottingham University Hosptials NHS Trust,nottingham_univers,RX1CC,Nottingham University Hospitals Nhs Trust - City Campus,NG5 1PB,England,-1.1570212,52.9904528,E38000132,NG5,Nottingham,Midlands
Nottingham University Hosptials NHS Trust,nottingham_univers,RX1RA,Nottingham University Hospitals Nhs Trust - Queen's Medical Centre Campus,NG7 2UH,England,-1.1850038,52.9435955,E38000132,NG7,Nottingham,Midlands
"Cumbria, Northumberland, Tyne and Wear NHS Foundation Trust",cumbria_northumber,RX4E4,St Nicholas Hospital,NE3 3XT,England,-1.6348937,55.0062898,E38000212,NE3,Newcastle,North East and Yorkshire
"Tees, Esk and Wear Valleys NHS Foundation Trust",tees_esk_and_wear,RX301,Tees,DL2 2TS,England,NA,54.54356766,E38000042,DL2,Darlington,North East and Yorkshire
East Sussex Healthcare NHS Trust,east_sussex_health,RXC01,Conquest Hospital,TN37 7RD,England,0.5677508,50.8853813,E38000076,TN37,Hastings,South East
East Sussex Healthcare NHS Trust,east_sussex_health,RXC02,Eastbourne District General Hospital,BN21 2UD,England,0.2692998,50.7864002,E38000055,BN21,Eastbourne,South East
Rotherham Doncaster and South Humber NHSFT,rotherham_doncaste,RXEAA,Tickhill Road Hospital,DN4 8QN,England,-1.1459607,53.4948158,E38000044,DN4,Doncaster,North East and Yorkshire
Mid Yorkshire Hospitals NHST,mid_yorkshire_hosp,RXF05,Pinderfields Hospital,WF1 4DG,England,-1.4859205,53.6948876,E38000190,WF1,Wakefield,North East and Yorkshire
South West Yorkshire Partnership NHS Foundation Trust,south_west_yorkshi,RXG10,Fieldhead Hospital,WF1 3SP,England,-1.492682,53.69713700000001,E38000190,WF1,Wakefield,North East and Yorkshire
Brighton and Sussex University Hospitals NHST,brighton_and_susse,RXH01,Royal Sussex County Hospital,BN2 5BE,England,-0.1182958,50.8193472,E38000021,BN2,Brighton and Hove,South East
Brighton and Sussex University Hospitals NHST,brighton_and_susse,RXH09,Princess Royal Hospital,RH16 4EX,England,-0.09118359999999999,50.9908199,E38000083,RH16,Mid Sussex,South East
Sandwell and West Birmingham NHST,sandwell_and_west,RXK01,Sandwell District General Hospital,B71 4HJ,England,-1.9878844,52.5273566,E38000144,B71,Sandwell,Midlands
Sandwell and West Birmingham NHST,sandwell_and_west,RXK02,City Hospital,B18 7QH,England,-1.9325148,52.4874527,E38000144,B18,Birmingham,Midlands
Blackpool Teaching Hospitals NHSFT,blackpool_teaching,RXL01,Blackpool Victoria Hospital,FY3 8NR,England,-3.0137516,53.820588,E38000015,FY3,Blackpool,North West
Royal Preston Hospital,royal_preston_hosp,RXN02,Royal Preston Hospital,PR2 9HT,England,-2.7069534,53.7903928,E38000227,PR2,Preston,North West
University Hospital of North Durham,university_hospita,RXPCP,University Hospital Of North Durham,DH1 5TW,England,-1.5933009,54.7885266,E38000116,DH1,County Durham,North East and Yorkshire
Darlington Memorial Hospital,darlington_memoria,RXPDA,Darlington Memorial Hospital,DL3 6HX,England,-1.5643608,54.530337,E38000042,DL3,Darlington,North East and Yorkshire
Buckinghamshire Healthcare NHS Trust,buckinghamshire_he,RXQ02,Stoke Mandeville Hospital,HP21 8AL,England,-0.8021389,51.7982636,E38000223,HP21,Aylesbury Vale,South East
Buckinghamshire Healthcare NHS Trust,buckinghamshire_he,RXQ50,Wycombe Hospital,HP11 2TT,England,-0.7531983999999999,51.6266246,E38000223,HP11,Wycombe,South East
East Lancashire Hospitals NHST,east_lancashire_ho,RXR20,Royal Blackburn Hospital,BB2 3HH,England,-2.4619976,53.7353901,E38000014,BB2,Blackburn with Darwen,North West
Shrewsbury & Telford Hospital NHST,shrewsbury__telfor,RXWAS,Royal Shrewsbury Hospital,SY3 8XQ,England,-2.7930191,52.7090656,E38000147,SY3,Shropshire,Midlands
Norfolk Community Health and Care NHS Trust,norfolk_community,RY312,Norwich Community Hospital,NR2 3TU,England,1.2624132,52.634185,E38000218,NR2,Norfolk,East of England
Imperial College Healthcare NHST,imperial_college_h,RYJ01,St Mary's Hospital (Hq),W2 1NY,England,-0.1742553,51.5173483,E38000202,W2,Westminster,London
Imperial College Healthcare NHST,imperial_college_h,RYJ02,Charing Cross Hospital,W6 8RF,England,-0.2207573,51.4870272,E38000070,W6,Hammersmith and Fulham,London
Imperial College Healthcare NHST,imperial_college_h,RYJ03,Hammersmith Hospital,W12 0HS,England,-0.2349784,51.5164382,E38000070,W12,Hammersmith and Fulham,London
Western Sussex Hospitals NHSFT,western_sussex_hos,RYR16,St Richard's Hospital,PO19 6SE,England,-0.7697075,50.84400429999999,E38000213,PO19,Sussex,South East
Western Sussex Hospitals NHSFT,western_sussex_hos,RYR18,Worthing Hospital,BN11 2DH,England,-0.3636178,50.8166569,E38000213,BN11,Worthing,South East
Birmingham Community Healthcare NHS Foundation Trust,birmingham_communi,RYW23,Moseley Hall Hospital,B13 8JL,England,-1.8931433,52.44595,E38000220,B13,Birmingham,Midlands
Bradford District Care NHS Foundation Trust,bradford_district,TAD17,Lynfield Mount Hospital,BD9 6DP,England,-1.8048051,53.8096909,E38000019,BD9,Bradford,North East and Yorkshire
Sheffield Health,sheffield_health,TAHCC,The Longley Centre,S5 7JT,England,-1.4603143,53.4105182,E38000146,S5,Sheffield,North East and Yorkshire
Sheffield Health,sheffield_health,TAHFC,Michael Carlisle Centre,S11 9BF,England,-1.4982894,53.3607112,E38000146,S11,Sheffield,North East and Yorkshire
Sheffield Health,sheffield_health,TAHXM,Forest Close,S35 0JW,England,-1.5201208,53.42097279999999,E38000146,S35,Sheffield,North East and Yorkshire
Sheffield Health,sheffield_health,TAHXN,Forest Lodge,S35 0JW,England,-1.519611,53.4212941,E38000146,S35,Sheffield,North East and Yorkshire
Sheffield Health,sheffield_health,TAHXP,Grenoside Grange,S35 8QS,England,-1.4960838,53.4363012,E38000146,S35,Sheffield,North East and Yorkshire
Black Country Healthcare NHS Foundation Trust,black_country_heal,TAJ52,Penn Hospital,WV4 5HN,England,-2.1591725,52.5586334,E38000210,WV4,Wolverhampton,Midlands
