redcap_data_access_group,redcap_data_access_group_unlabelled,dag_id,place_name,postcode,country,lon,lat,ccg,postcode_start,city,site_type,nhs_region
derbyshire_healthc,derbyshire_healthc,DEA01,derbyshire_healthc,NA,NA,-77.40561869999999,39.4421912,NA,NA,NA,Community,NA
shropshire_communi,shropshire_communi,RIDHQ,shropshire_communi,SY3 8XL,England,-2.7894656,52.70647409999999,E38000147,SY3,Shropshire,Community,Midlands
east_suffolk_and_n,NA,RDEE41,Colchester General Hospital,CO4 5JL,England,0.8997715,51.91029,E38000117,CO4,Colchester,Acute,East of England
east_london_founda,east_london_founda,14152,east_london_founda,NA,NA,0.0655092,51.55633,NA,NA,NA,Acute,NA
manchester_univers,NA,R0A071,Wythenshawe Hospital,M23 9LT,England,-2.292308,53.38822,E38000217,M23,Manchester,Acute,North West
manchester_univers,manchester_univers,R0S02,Manchester Royal Infirmary,M13 9WL,England,-2.226157,53.46287,E38000217,M13,Manchester,Acute,North West
bolton_nhst,bolton_nhst,RMC,Royal Bolton Hospital,BL4 0JR,England,-2.433355,53.55443,E38000016,BL4,Bolton,Acute,North West
bolton_nhst,NA,RMC011,Royal Bolton Hospital,BL4 0JR,England,-2.433355,53.55443,E38000016,BL4,Bolton,Acute,North West
university_hospita,university_hospita,RTX020,Royal Lancaster Infirmary,LA1 4RP,England,-2.80002,54.04307,E38000228,LA1,Lancaster,Acute,North West
royal_preston_hosp,royal_preston_hosp,RXN,Royal Preston Hospital,PR2 9HT,England,-2.704496,53.79086,E38000227,PR2,Preston,Community,North West
royal_preston_hosp,NA,RXN026,Royal Preston Hospital,PR2 9HT,England,-2.704496,53.79086,E38000227,PR2,Preston,Community,North West
royal_preston_hosp,NA,RXN6,Royal Preston Hospital,PR2 9HT,England,-2.704496,53.79086,E38000227,PR2,Preston,Community,North West
royal_preston_hosp,royal_preston_hosp,RXNX02,Royal Preston Hospital,PR2 9HT,England,-2.704496,53.79086,E38000227,PR2,Preston,Community,North West
aberdeen_royal_inf,aberdeen_royal_inf,N100H,Aberdeen Royal Infirmary,AB25 2ZN,Scotland,-2.137269,57.1547,S08000020,AB25,Aberdeen,Acute,Scotland
aberdeen_royal_inf,aberdeen_royal_inf,N101,Aberdeen Royal Infirmary,AB25 2ZN,Scotland,-2.137269,57.1547,S08000020,AB25,Aberdeen,Acute,Scotland
aberdeen_royal_inf,NA,N101H5,Aberdeen Royal Infirmary,AB25 2ZN,Scotland,-2.137269,57.1547,S08000020,AB25,Aberdeen,Acute,Scotland
aberdeen_royal_inf,NA,N1015,Aberdeen Royal Infirmary,AB25 2ZN,Scotland,-2.137269,57.1547,S08000020,AB25,Aberdeen,Acute,Scotland
nhs_lothian,nhs_lothian,S134H,Royal Infirmary Of Edinburgh At Little France,EH16 4SA,Scotland,-3.1347719,55.9218084,S08000024,EH16,Edinburgh,Acute,Scotland
nhs_lothian,nhs_lothian,S341H,Royal Infirmary Of Edinburgh At Little France,EH16 4SA,Scotland,-3.1347719,55.9218084,S08000024,EH16,Edinburgh,Acute,Scotland
nhs_lothian,nhs_lothian,SL116,Western General Hospital,EH4 2XU,Scotland,-3.2338808,55.9621052,S08000024,EH4,Edinburgh,Acute,Scotland
east_kent_hospital,NA,RVV094,Queen Elizabeth The Queen Mother Hospital,CT9 4AN,England,1.3893987,51.37805,E38000184,CT9,Kent,Acute,South East
buckinghamshire_he,NA,RXQ020,Stoke Mandeville Hospital,HP21 8AL,England,-0.8008387,51.79839,E38000223,HP21,Aylesbury Vale,Acute,South East
buckinghamshire_he,buckinghamshire_he,RZQ02,Stoke Mandeville Hospital,HP21 8AL,England,-0.8008387,51.79839,E38000223,HP21,Aylesbury Vale,Acute,South East
medway_community_h,medway_community_h,VLXF4,Medway Community Healthcare,ME1 3QY,England,0.5163534,51.3770708,E38000237,ME1,Medway,Community,South East
aneurin_bevan_univ,aneurin_bevan_univ,11049,aneurin_bevan_univ,NP11 5GH,Wales,-3.1404429,51.66249759999999,W11000028,NP11,Caerphilly,Acute,Wales
aneurin_bevan_univ,aneurin_bevan_univ,11407,aneurin_bevan_univ,NP11 5GH,Wales,-3.1404429,51.66249759999999,W11000028,NP11,Caerphilly,Acute,Wales
aneurin_bevan_univ,aneurin_bevan_univ,11409,aneurin_bevan_univ,NP11 5GH,Wales,-3.1404429,51.66249759999999,W11000028,NP11,Caerphilly,Acute,Wales
aneurin_bevan_univ,NA,114090,aneurin_bevan_univ,NP11 5GH,Wales,-3.1404429,51.66249759999999,W11000028,NP11,Caerphilly,Acute,Wales
aneurin_bevan_univ,NA,114091,aneurin_bevan_univ,NP11 5GH,Wales,-3.1404429,51.66249759999999,W11000028,NP11,Caerphilly,Acute,Wales
aneurin_bevan_univ,NA,ABU11,aneurin_bevan_univ,NP11 5GH,Wales,-3.1404429,51.66249759999999,W11000028,NP11,Caerphilly,Acute,Wales
belfast,belfast,RRRR1,Belfast,BT9 7AB,Northern Ireland,-5.9441331,54.5872059,,BT9,Belfast,Acute,Northern Ireland
livewell_southwest,livewell_southwest,NR501,Mount Gould Hospital,PL4 7QD,England,-4.111707,50.3789894,E38000230,PL4,Plymouth,Community,South West
royal_united_hospi,NA,RD130=0,,BA1 3NG,England,-2.391191,51.39284,E38000009,BA1,Bath and North East Somerset,Acute,South West
royal_united_hospi,NA,RD1300,,BA1 3NG,England,-2.391191,51.39284,E38000009,BA1,Bath and North East Somerset,Acute,South West
chesterfield_royal,chesterfield_royal,RFSDA,Chesterfield Royal Hospital,S44 5BL,England,-1.4000484,53.2362328,E38000229,S44,Bolsover,Acute,Midlands
nottinghamshire_he,nottinghamshire_he,RHAPA,Duncan Macmillan House,NG3 6AA,England,-1.1264274,52.979292,E38000132,NG3,Gedling,Mental,Midlands
sherwood_forest_ho,sherwood_forest_ho,RK5BC,King's Mill Hospital,NG17 4JL,England,-1.2335786,53.13457320000001,E38000103,NG17,Ashfield,Acute,Midlands
kettering_general,kettering_general,RNQ51,Kettering General Hospital,NN16 8UZ,England,-0.7412783,52.4027973,E38000108,NN16,Kettering,Acute,Midlands
northampton_genera,northampton_genera,RNS01,Northampton General Hospital (Acute),NN1 5BD,England,-0.8838292000000001,52.23606840000001,E38000108,NN1,Northampton,Acute,Midlands
northamptonshire_h,northamptonshire_h,RP1V4,Berrywood Hospital,NN5 6UD,England,-0.9604398999999999,52.2476292,E38000108,NN5,Northampton,NA,Midlands
lincolnshire_partn,lincolnshire_partn,RP7SG,Lincolnshire Partnership Nhs Foundation Trust Hq,LN1 1FS,England,-0.5569057,53.2440509,E38000100,LN1,West Lindsey,Community,Midlands
leicestershire_par,leicestershire_par,RT5KP,Community Rehabilitation Team (East),LE2 2PL,England,-1.1044067,52.6153916,E38000097,LE2,Leicester,Community,Midlands
university_hospita,university_hospita,RTG02,Burton Hospital,DE13 0RB,England,-1.6563787,52.8177927,E38000053,DE13,East Staffordshire,Acute,Midlands
united_lincolnshir,united_lincolnshir,RWDDA,Lincoln County Hospital,LN2 5QY,England,-0.5196351,53.2335974,E38000100,LN2,West Lindsey,Acute,Midlands
united_lincolnshir,united_lincolnshir,RWDLA,Pilgrim Hospital,PE21 9QS,England,-0.0097936,52.99102,E38000099,PE21,Boston,Acute,Midlands
united_lincolnshir,united_lincolnshir,RWDLP,Grantham & District Hospital,NG31 8DG,England,-0.6407089,52.92110839999999,E38000165,NG31,South Kesteven,Acute,Midlands
university_hospitab,university_hospitab,RWEAA,Leicester Royal Infirmary,LE1 5WW,England,-1.1359527,52.6268003,E38000097,LE1,Leicester,Acute,Midlands
nottingham_univers,nottingham_univers,RX1CC,Nottingham University Hospitals Nhs Trust - City Campus,NG5 1PB,England,-1.16008,52.99022,E38000132,NG5,Nottingham,Acute,Midlands
nottingham_univers,nottingham_univers,RX1RA,Nottingham University Hospitals Nhs Trust - Queen's Medical Centre Campus,NG7 2UH,England,-1.185,52.94435,E38000132,NG7,Nottingham,Acute,Midlands
lincolnshire_commu,lincolnshire_commu,RY5HQ,Lincolnshire Community Health Services Unit 11,NG34 8GG,England,-0.3925149,53.0088745,E38000165,NG34,North Kesteven,Community,Midlands
mid_and_south_esse,mid_and_south_esse,RAJ01,Southend Hospital,SS0 0RY,England,0.6886466,51.5538417,E38000168,SS0,Southend-on-Sea,Acute,East of England
mid_and_south_esse,mid_and_south_esse,RAT01,Southend Hospital,SS0 0RY,England,0.6877328,51.55386,E38000168,SS0,Southend-on-Sea,Acute,East of England
bedfordshire_hospi,bedfordshire_hospi,RC112,Bedford Hospital,MK42 9DJ,England,-0.4724734,52.1282765,E38000010,MK42,Bedford,Acute,East of England
luton_and_dunstabl,luton_and_dunstabl,RC971,Luton & Dunstable Hospital,LU4 0DZ,England,-0.4744046,51.89415169999999,E38000102,LU4,Luton,Acute,East of England
the_queen_elizabet,the_queen_elizabet,RCX70,The Queen Elizabeth Hospital,PE30 4ET,England,0.446694,52.7566298,E38000203,PE30,West Norfolk,Acute,East of England
milton_keynes_univ,milton_keynes_univ,RD816,Milton Keynes Hospital,MK6 5LD,England,-0.7357598999999999,52.0263838,E38000107,MK6,Milton Keynes,Acute,East of England
basildon_and_thurr,basildon_and_thurr,RDDH0,Basildon University Hospital,SS16 5NL,England,0.4505869,51.5576793,E38000007,SS16,Basildon,Acute,East of England
ipswich_hospital,ipswich_hospital,RDE03,Ipswich Hospital,IP4 5PD,England,1.1979451,52.0568633,E38000086,IP4,Ipswich,Acute,East of England
east_suffolk_and_n,east_suffolk_and_n,RDEE4,Colchester General Hospital,CO4 5JL,England,0.8997715,51.91029,E38000117,CO4,Colchester,Acute,East of England
royal_papworth_hos,royal_papworth_hos,RGM21,Royal Papworth Hospital,CB2 0AY,England,NA,NA,E38000026,CB2,Cambridge,Acute,East of England
north_west_anglia,north_west_anglia,RGN80,Peterborough City Hospital,PE3 9GZ,England,-0.2793709,52.5839399,E38000026,PE3,Peterborough,Acute,East of England
north_west_anglia,north_west_anglia,RGN90,Hinchingbrooke Hospital,PE29 6NT,England,-0.2026578,52.33336389999999,E38000026,PE29,Huntingdonshire,Acute,East of England
james_paget_univer,james_paget_univer,RGP75,James Paget University Hospital,NR31 6LA,England,1.7180035,52.5616974,E38000063,NR31,Norfolk,Acute,East of England
west_suffolk_hospi,west_suffolk_hospi,RGR50,West Suffolk Hospital,IP33 2QZ,England,0.709205,52.2316785,E38000204,IP33,St Edmundsbury,Acute,East of England
addenbrookes_hospi,addenbrookes_hospi,RGT01,Addenbrooke's Hospital,CB2 0QQ,England,0.1391426,52.1737533,E38000026,CB2,Cambridge,Acute,East of England
norfolk_and_norwic,norfolk_and_norwic,RM102,Norfolk & Norwich University Hospital,NR4 7UY,England,1.2211953,52.6175674,E38000219,NR4,Norfolk,Acute,East of England
norfolk_and_suffol,norfolk_and_suffol,RMY01,Hellesdon Hospital,NR6 5BE,England,1.2508937,52.6595565,E38000218,NR6,Norfolk,Community,East of England
mid_and_south_esse,mid_and_south_esse,RQ8L0,Broomfield Hospital,CM1 7ET,England,0.4660209,51.7746615,E38000106,CM1,Chelmsford,Acute,East of England
the_princess_alexa,the_princess_alexa,RQWG0,Princess Alexandra Hospital,CM20 1QX,England,0.08548399999999999,51.77153449999999,E38000197,CM20,Harlow,Acute,East of England
cambridge_and_pete,cambridge_and_pete,RT113,Fulbourn Hospital,CB21 5EF,England,0.1883292,52.1845048,E38000026,CB21,Cambridge,Community,East of England
west_hertfordshire,west_hertfordshire,RWG02,Watford General Hospital,WD18 0HB,England,-0.4041647,51.6489258,E38000079,WD18,Watford,Acute,East of England
east_and_north_her,east_and_north_her,RWH01,Lister Hospital,SG1 4AB,England,-0.2127027,51.9246176,E38000049,SG1,Stevenage,Acute,East of England
hertfordshire_part,hertfordshire_part,RWR99,Trust Head Office,AL3 5TL,England,-0.3455961,51.7619373,E38000079,AL3,St Albans,Mental,East of England
norfolk_community,norfolk_community,RY312,Norwich Community Hospital,NR2 3TU,England,1.2624889,52.6339474,E38000218,NR2,Norfolk,Community,East of England
mid_and_south_esse,mid_and_south_esse,TAJ01,Southend Hospital,SS0 0RY,England,0.6877328,51.55386,E38000168,SS0,Southend-on-Sea,Acute,East of England
barts_health_nhs_t,barts_health_nhs_t,R1H11,Gateway Surgical Centre,E13 8SL,England,0.0347445,51.52277729999999,E38000113,E13,Newham,NA,London
st_bartholomews,st_bartholomews,R1H12,The Royal London Hospital,E1 1BB,England,-0.0581062,51.51901909999999,E38000186,E1,Tower Hamlets,Acute,London
barts_health_nhs_t,barts_health_nhs_t,R1H41,Barking Birth Centre,IG11 9LX,England,0.0987541,51.538565,E38000004,IG11,Barking and Dagenham,NA,London
barts_health_nhs_t,barts_health_nhs_t,R1H86,Blt Private Hospitals,E1 1BB,England,-0.0581062,51.51901909999999,E38000186,E1,Tower Hamlets,NA,London
barts_health_nhs_t,barts_health_nhs_t,R1H90,Blt Birth Centre,E14 8JH,England,-0.0256981,51.5008071,E38000186,E14,Tower Hamlets,NA,London
barts_health_nhs_t,barts_health_nhs_t,R1HKH,Whipps Cross University Hospital,E11 1NR,England,0.0026656,51.5788328,E38000192,E11,Waltham Forest,NA,London
barts_health_nhs_t,barts_health_nhs_t,R1HM0,St Bartholomew's Hospital,EC1A 7BE,England,-0.1003783,51.51775139999999,E38000035,EC1A,City of London,NA,London
barts_health_nhs_t,barts_health_nhs_t,R1HNH,Newham General Hospital,E13 8SL,England,0.0347445,51.52277729999999,E38000113,E13,Newham,NA,London
northwick_park,northwick_park,R1K01,Northwick Park Hospital,HA1 3UJ,England,-0.3220147,51.5754086,E38000020,HA1,Harrow,Acute,London
northwick_park,northwick_park,R1K02,Central Middlesex Hospital,NW10 7NS,England,-0.2691373,51.5309377,E38000020,NW10,Brent,Acute,London
london_north_west,london_north_west,R1K03,St Marks Hospital,HA1 3UJ,England,-0.3220147,51.5754086,E38000020,HA1,Harrow,Acute,London
london_north_west,london_north_west,R1K04,Ealing Hospital,UB1 3HW,England,-0.3454735,51.5076063,E38000048,UB1,Ealing,Acute,London
royal_free_hospita,royal_free_hospita,RAL01,Royal Free Hospital,NW3 2QG,England,-0.165298,51.5532265,E38000027,NW3,Camden,Acute,London
royal_free_hospita,royal_free_hospita,RAL26,Barnet Hospital,EN5 3DJ,England,-0.2141269,51.65072869999999,E38000005,EN5,Barnet,Acute,London
north_middlesex_un,north_middlesex_un,RAPNM,North Middlesex Hospital,N18 1QX,England,-0.0737245,51.6130962,E38000057,N18,Enfield,Acute,London
hillingdon_hospita,hillingdon_hospita,RAS01,Hillingdon Hospital,UB8 3NN,England,-0.4611546,51.5260778,E38000082,UB8,Hillingdon,Acute,London
kingston_hospital,kingston_hospital,RAX01,Kingston Hospital,KT2 7QB,England,-0.2826013,51.4148259,E38000090,KT2,Kingston upon Thames,Acute,London
barking_havering_a,barking_havering_a,RF4QH,Queen's Hospital,RM7 0AG,England,0.1790579,51.56864849999999,E38000077,RM7,Havering,Acute,London
guys_and_st_thomas,guys_and_st_thomas,RJ122,St Thomas' Hospital,SE1 7EH,England,-0.1188797,51.4979597,E38000092,SE1,Southwark,Acute,London
lewisham_and_green,lewisham_and_green,RJ224,University Hospital Lewisham,SE13 6LH,England,-0.017025,51.4543293,E38000098,SE13,Lewisham,Acute,London
lewisham_and_green,lewisham_and_green,RJ231,Queen Elizabeth Hospital,SE18 4QH,England,0.0500691,51.4781937,E38000066,SE18,Greenwich,Acute,London
croydon_health_ser,croydon_health_ser,RJ611,Croydon University Hospital,CR7 7YE,England,-0.1087576,51.3891284,E38000040,CR7,Croydon,Acute,London
st_georges_univers,st_georges_univers,RJ701,St George's Hospital (Tooting),SW17 0QT,England,-0.1756937,51.42668159999999,E38000193,SW17,Wandsworth,Acute,London
kings_college_hosp,kings_college_hosp,RJZ01,King's College Hospital (Denmark Hill),SE5 9RS,England,-0.0938899,51.4680779,E38000092,SE5,Lambeth,Acute,London
whittington_health,whittington_health,RKEQ4,The Whittington Hospital,N19 5NF,England,-0.1390663,51.5664822,E38000088,N19,Islington,Acute,London
west_london_nhs_tr,west_london_nhs_tr,RKL99,Armstrong Way Mh,UB2 4SA,England,NA,NA,E38000048,UB2,Ealing,NA,London
chelsea__westminst,chelsea__westminst,RMQ91,Tameside General Hospital,OL6 9RW,England,-2.0714322,53.49154619999999,E38000182,OL6,Tameside,Acute,North West
the_royal_marsden,the_royal_marsden,RPY01,The Royal Marsden Hospital (Surrey),SW3 6JJ,England,-0.1725408,51.49056179999999,E38000202,SW3,Kensington and Chelsea,Acute,London
the_royal_marsden,the_royal_marsden,RPY02,The Royal Marsden Hospital (Surrey),SM2 5PT,England,-0.1910894,51.34347649999999,E38000179,SM2,Sutton,Acute,London
chelsea__westminst,chelsea__westminst,RQM01,Chelsea & Westminster Hospital,SW10 9NH,England,-0.1816199,51.48430920000001,E38000202,SW10,Kensington and Chelsea,Acute,London
homerton_universit,homerton_universit,RQXM1,Homerton University Hospital,E9 6SR,England,-0.0460716,51.550635,E38000035,E9,Hackney,Acute,London
south_west_london,south_west_london,RQY01,Springfield University Hospital,SW17 7DJ,England,-0.1723476,51.43735789999999,E38000193,SW17,Wandsworth,Community,London
royal_brompton_and,royal_brompton_and,RT301,Harefield Hospital,UB9 6JH,England,-0.4827470999999999,51.6067317,E38000082,UB9,South Buckinghamshire,Acute,London
royal_brompton_and,royal_brompton_and,RT302,Royal Brompton Hospital,SW3 6NP,England,-0.1708305,51.4897438,E38000202,SW3,Kensington and Chelsea,Acute,London
central_and_north,central_and_north,RV3AN,Hillingdon Hospital,UB8 3NN,England,-0.4611546,51.5260778,E38000082,UB8,Hillingdon,Acute,London
central_and_north,central_and_north,RV3HA,Topas,MK2 3QH,England,NA,NA,E38000107,MK2,Milton Keynes,NA,East of England
central_and_north,central_and_north,RV3HE,Windsor Intermediate Care Unit (Wicu),MK3 6EN,England,-0.747617,51.9974233,E38000107,MK3,Milton Keynes,NA,East of England
central_and_north,central_and_north,RV3J8,Hillingdon Memory Svc,UB8 3NN,England,-0.4611546,51.5260778,E38000082,UB8,Hillingdon,NA,London
central_and_north,central_and_north,RV312,Park Royal Centre For Mental Health,NW10 7NS,England,-0.2691373,51.5309377,E38000020,NW10,Brent,NA,London
central_and_north,central_and_north,RV320,St Charles Hospital,W10 6DZ,England,-0.2171937,51.5223636,E38000202,W10,Kensington and Chelsea,NA,London
central_and_north,central_and_north,RV355,Roxbourne Hospital,HA2 0UE,England,-0.3631159,51.56737409999999,E38000074,HA2,Harrow,NA,London
central_and_north,central_and_north,RV383,Northwick Park Hospital,HA1 3UJ,England,-0.3220147,51.5754086,E38000020,HA1,Harrow,Acute,London
central_and_north,central_and_north,RV396,7A Woodfield Road,W9 2BA,England,-0.2000502,51.52283019999999,E38000202,W9,Westminster,NA,London
central_and_north,central_and_north,RV397,Vincent Square Clinic,SW1P 2QU,England,-0.1347057,51.4918007,E38000031,SW1P,Westminster,NA,London
epsom__st_helier_n,epsom__st_helier_n,RVR05,St Helier Hospital,SM5 1AA,England,-0.1836165,51.3803121,E38000179,SM5,Sutton,Acute,London
hounslow_and_richm,hounslow_and_richm,RY901,Urgent Care Centre,TW7 6AF,England,-0.3244123,51.4736482,E38000084,TW7,Hounslow,Community,London
imperial_college_h,imperial_college_h,RYJ01,St Mary's Hospital,W2 1NY,England,-0.1735446,51.516971,E38000202,W2,Westminster,Acute,London
imperial_college_h,imperial_college_h,RYJ02,Charing Cross Hospital,W6 8RF,England,-0.2199118,51.4870459,E38000070,W6,Hammersmith and Fulham,Acute,London
imperial_college_h,imperial_college_h,RYJ03,Hammersmith Hospital,W12 0HS,England,-0.2346974,51.5174215,E38000070,W12,Hammersmith and Fulham,Acute,London
camden__islington,camden__islington,TAF01,St Pancras Hospital,NW1 0PE,England,-0.1316317,51.53665239999999,E38000027,NW1,Camden,NA,London
south_tyneside_and,south_tyneside_and,R0B0Q,South Tyneside District Hospital,NE34 0PL,England,-1.4284684,54.9712083,E38000163,NE34,South Tyneside,Community,North East and Yorkshire
south_tyneside_and,south_tyneside_and,R0B01,Sunderland Royal Hospital,SR4 7TP,England,-1.4103269,54.902214,E38000176,SR4,Sunderland,Acute,North East and Yorkshire
bradford_teaching,bradford_teaching,RAE01,Bradford Royal Infirmary,BD9 6RJ,England,-1.7946997,53.80599489999999,E38000019,BD9,Bradford,Acute,North East and Yorkshire
york_teaching_hosp,york_teaching_hosp,RCB55,York Hospital,YO31 8HE,England,-1.0842936,53.96897,E38000188,YO31,York,Acute,North East and Yorkshire
york_teaching_hosp,york_teaching_hosp,RCBCA,Scarborough General Hospital,YO12 6QL,England,-0.4347693,54.28172499999999,E38000145,YO12,North Yorkshire,Acute,North East and Yorkshire
harrogate_district,harrogate_district,RCD01,Harrogate District Hospital,HG2 7SX,England,-1.5175789,53.99382180000001,E38000073,HG2,Harrogate,Acute,North East and Yorkshire
airedale_general_h,airedale_general_h,RCF22,Airedale General Hospital,BD20 6TD,England,-1.9626978,53.89802900000001,E38000001,BD20,Bradford,Acute,North East and Yorkshire
sheffield_children,sheffield_children,RCUEF,Sheffield Children's Hospital,S10 2TH,England,-1.4906281,53.3806172,E38000146,S10,Sheffield,Acute,North East and Yorkshire
barnsley_hospital,barnsley_hospital,RFFAA,Barnsley Hospital,S75 2EP,England,-1.4994944,53.5591496,E38000006,S75,Barnsley,Acute,North East and Yorkshire
the_rotherham_nhsf,the_rotherham_nhsf,RFRPA,Rotherham District General Hospital,S60 2UD,England,-1.3428811,53.41399070000001,E38000141,S60,Rotherham,Acute,North East and Yorkshire
leeds_and_york_par,leeds_and_york_par,RGD03,Leeds General Infirmary,LS1 3EX,England,-1.5517479,53.8014611,E38000225,LS1,Leeds,Acute,North East and Yorkshire
leeds_and_york_par,leeds_and_york_par,RGD05,The Mount,LS2 9LN,England,-1.5588562,53.804094,E38000225,LS2,Leeds,Mental,North East and Yorkshire
leeds_and_york_par,leeds_and_york_par,RGD17,St Mary's Hospital,LS12 3QE,England,-1.612402,53.7999196,E38000225,LS12,Leeds,Acute,North East and Yorkshire
leeds_and_york_par,leeds_and_york_par,RGDAB,Newsam Centre,LS14 6WB,England,-1.4714906,53.80495459999999,E38000225,LS14,Leeds,Mental,North East and Yorkshire
leeds_and_york_par,leeds_and_york_par,RGDBL,Becklin Centre,LS9 7BE,England,-1.5232156,53.8070585,E38000225,LS9,Leeds,Mental,North East and Yorkshire
leeds_and_york_par,leeds_and_york_par,RGDPL,Parkside Lodge,LS12 2HE,England,-1.5900292,53.799315,E38000225,LS12,Leeds,NA,North East and Yorkshire
sheffield_teaching,sheffield_teaching,RHQHH,Royal Hallamshire Hospital,S10 2JF,England,-1.4933305,53.3783725,E38000146,S10,Sheffield,Acute,North East and Yorkshire
sheffield_teaching,sheffield_teaching,RHQNG,Northern General Hospital,S5 7AU,England,-1.4559654,53.4098214,E38000146,S5,Sheffield,Acute,North East and Yorkshire
northern_lincolnsh,northern_lincolnsh,RJL30,"Diana, Princess Of Wales Hospital",DN33 2BA,England,-0.09629309999999999,53.544883,E38000119,DN33,North East Lincolnshire,Acute,North East and Yorkshire
northern_lincolnsh,northern_lincolnsh,RJL32,Scunthorpe General Hospital,DN15 7BH,England,-0.6676027999999999,53.58760359999999,E38000122,DN15,North Lincolnshire,Acute,North East and Yorkshire
north_cumbria_inte,north_cumbria_inte,RNN62,Cumberland Infirmary,CA2 7HY,England,-2.9577955,54.8965043,E38000215,CA2,Carlisle,Acute,North East and Yorkshire
north_cumbria_inte,north_cumbria_inte,RNNBD,Keswick Hospital,CA12 5PH,England,-3.1398268,54.6067079,E38000215,CA12,Allerdale,Community,North East and Yorkshire
north_cumbria_inte,north_cumbria_inte,RNNBE,Penrith Hospital,CA11 8HX,England,-2.7432793,54.6570012,E38000215,CA11,Eden,Community,North East and Yorkshire
west_cumberland_ho,west_cumberland_ho,RNNBX,West Cumberland Hospital,CA28 8JG,England,-3.5631756,54.5302041,E38000215,CA28,Copeland,Acute,North East and Yorkshire
north_cumbria_inte,north_cumbria_inte,RNNCB,Cockermouth Hospital,CA13 9HT,England,-3.3585965,54.6668134,E38000215,CA13,Allerdale,Community,North East and Yorkshire
north_cumbria_inte,north_cumbria_inte,RNNCL,Copeland Unit,CA28 8JG,England,-3.5631756,54.5302041,E38000215,CA28,Copeland,Community,North East and Yorkshire
doncaster_and_bass,doncaster_and_bass,RP5BA,Bassetlaw Hospital,S81 0BD,England,-1.1102839,53.3165742,E38000008,S81,Bassetlaw,Acute,North East and Yorkshire
doncaster_and_bass,doncaster_and_bass,RP5DR,Doncaster Royal Infirmary,DN2 5LT,England,-1.1089416,53.5308046,E38000044,DN2,Doncaster,Acute,North East and Yorkshire
doncaster_and_bass,doncaster_and_bass,RP5MM,Montagu Hospital,S64 0AZ,England,-1.2849475,53.4998332,E38000044,S64,Doncaster,NA,North East and Yorkshire
gateshead_health_n,gateshead_health_n,RR7EN,Queen Elizabeth Hospital,NE9 6SX,England,-1.5807933,54.9393877,E38000212,NE9,Gateshead,Acute,North East and Yorkshire
leeds_teaching_hos,leeds_teaching_hos,RR801,Leeds General Infirmary,LS1 3EX,England,-1.5517479,53.8014611,E38000225,LS1,Leeds,Acute,North East and Yorkshire
leeds_teaching_hos,leeds_teaching_hos,RR813,St James's University Hospital,LS9 7TF,England,-1.5203626,53.8068853,E38000225,LS9,Leeds,Acute,North East and Yorkshire
the_newcastle_upon,the_newcastle_upon,RTD02,The Royal Victoria Infirmary,NE1 4LP,England,-1.6188686,54.98021989999999,E38000212,NE1,Newcastle,Acute,North East and Yorkshire
northumbria_health,northumbria_health,RTF86,Northumbria Specialist Emergency Care Hospital,NE23 6NZ,England,-1.5695066,55.0740961,E38000130,NE23,Northumberland,Acute,North East and Yorkshire
northumbria_health,northumbria_health,RTFED,Wansbeck Hospital,NE63 9JJ,England,-1.5466163,55.184315,E38000130,NE63,Northumberland,Acute,North East and Yorkshire
northumbria_health,northumbria_health,RTFFS,North Tyneside General Hospital,NE29 8NH,England,-1.4673532,55.0252484,E38000127,NE29,North Tyneside,Acute,North East and Yorkshire
south_tees_hospita,south_tees_hospita,RTRAT,The James Cook University Hospital,TS4 3BW,England,-1.2148194,54.551768,E38000162,TS4,Middlesbrough,Acute,North East and Yorkshire
humber_teaching_nh,humber_teaching_nh,RV901,Trust Headquarters,HU10 6ED,England,-0.4444829,53.7719919,E38000052,HU10,East Riding of Yorkshire,Community,North East and Yorkshire
university_hospitab,university_hospitab,RVWAE,University Hospital Of North Tees,TS19 8PE,England,-1.3475936,54.5828686,E38000075,TS19,Stockton-on-Tees,Acute,North East and Yorkshire
hull_university_te,hull_university_te,RWA01,Hull Royal Infirmary,HU3 2JZ,England,-0.3581523,53.7441342,E38000085,HU3,Kingston upon Hull,Acute,North East and Yorkshire
hull_university_te,hull_university_te,RWA16,Castle Hill Hospital,HU16 5JQ,England,-0.4449899,53.7767535,E38000052,HU16,East Riding of Yorkshire,Acute,North East and Yorkshire
calderdale_and_hud,calderdale_and_hud,RWY01,Huddersfield Royal Infirmary,HD3 3EA,England,-1.816339,53.6554891,E38000064,HD3,Kirklees,Acute,North East and Yorkshire
cumbria_northumber,cumbria_northumber,RX4E4,St Nicholas Hospital (Newcastle Upon Tyne),NE3 3XT,England,-1.6331144,55.0064946,E38000212,NE3,Newcastle,Mental,North East and Yorkshire
tees_esk_and_wear,tees_esk_and_wear,RX301,"Tees, Esk, Wear Valley Nhs Trust (Durham)",DL2 2TS,England,-1.591147,54.5434938,E38000042,DL2,Darlington,Acute,North East and Yorkshire
rotherham_doncaste,rotherham_doncaste,RXE07,Rotherham Older People's Mental Health Services,S60 2UD,England,-1.3428811,53.41399070000001,E38000141,S60,Rotherham,Community,North East and Yorkshire
rotherham_doncaste,rotherham_doncaste,RXE92,Nth Lincs - Great Oaks Inpatient Unit,DN16 2JX,England,-0.6385778,53.5670065,E38000122,DN16,North Lincolnshire,Community,North East and Yorkshire
rotherham_doncaste,rotherham_doncaste,RXEAA,Doncaster - Tickhill Road Site,DN4 8QN,England,-1.1459781,53.4948232,E38000044,DN4,Doncaster,Community,North East and Yorkshire
mid_yorkshire_hosp,mid_yorkshire_hosp,RXF05,Pinderfields General Hospital,WF1 4DG,England,-1.4885575,53.6924343,E38000190,WF1,Wakefield,Acute,North East and Yorkshire
south_west_yorkshi,south_west_yorkshi,RXG10,Fieldhead Hospital,WF1 3SP,England,-1.4940565,53.6973563,E38000190,WF1,Wakefield,Mental,North East and Yorkshire
university_hospita,university_hospita,RXPCP,University Hospital Of North Durham,DH1 5TW,England,-1.593417,54.7888,E38000116,DH1,County Durham,Acute,North East and Yorkshire
darlington_memoria,darlington_memoria,RXPDA,Darlington Memorial Hospital,DL3 6HX,England,-1.56331,54.53039,E38000042,DL3,Darlington,Acute,North East and Yorkshire
leeds_community_he,leeds_community_he,RY651,Stockdale House,LS6 1PF,England,-1.5684774,53.8149865,E38000225,LS6,Leeds,Community,North East and Yorkshire
bradford_district,bradford_district,TAD17,Lynfield Mount Hospital,BD9 6DP,England,-1.8053571,53.8097426,E38000019,BD9,Bradford,Mental,North East and Yorkshire
sheffield_health,sheffield_health,TAHCC,The Longley Centre,S5 7JT,England,-1.4601572,53.4102449,E38000146,S5,Sheffield,Community,North East and Yorkshire
sheffield_health,sheffield_health,TAHEC,Intensive Support Service,S4 7BW,England,-1.4669824,53.4033902,E38000146,S4,Sheffield,NA,North East and Yorkshire
sheffield_health,sheffield_health,TAHFC,Michael Carlisle Centre,S11 9BF,England,-1.4976032,53.3614289,E38000146,S11,Sheffield,Acute,North East and Yorkshire
sheffield_health,sheffield_health,TAHXM,Forest Close,S35 0JW,England,-1.5203309,53.4211349,E38000146,S35,Sheffield,Community,North East and Yorkshire
sheffield_health,sheffield_health,TAHXN,Forest Lodge,S35 0JW,England,-1.5203309,53.4211349,E38000146,S35,Sheffield,Community,North East and Yorkshire
sheffield_health,sheffield_health,TAHXP,Grenoside Grange,S35 8QS,England,-1.495517,53.4363943,E38000146,S35,Sheffield,Community,North East and Yorkshire
alder_hey_children,alder_hey_children,CBS25,Alder Hey Children's Hospital,L12 2AP,England,-2.8987222,53.4202583,E38000101,L12,Liverpool,Acute,North West
manchester_univers,manchester_univers,R0A01,Manchester Royal Infirmary,M13 9WL,England,-2.226157,53.46287,E38000217,M13,Manchester,Acute,North West
manchester_univers,manchester_univers,R0A02,Manchester Royal Infirmary,M13 9WL,England,-2.2277094,53.4624524,E38000217,M13,Manchester,Acute,North West
manchester_univers,manchester_univers,R0A03,Royal Manchester Children's Hospital,M13 9WL,England,-2.2277094,53.4624524,E38000217,M13,Manchester,Acute,North West
manchester_univers,manchester_univers,R0A07,Wythenshawe Hospital,M23 9LT,England,-2.292308,53.38822,E38000217,M23,Manchester,Acute,North West
manchester_univers,manchester_univers,R0A09,Trafford General Hospital,M41 5SL,England,-2.3706794,53.45407609999999,E38000187,M41,Trafford,Acute,North West
wirral_university,wirral_university,RBL14,Arrowe Park Hospital,CH49 5PE,England,-3.0968145,53.36963979999999,E38000208,CH49,Wirral,Acute,North West
wirral_university,wirral_university,RBL15,Surgery Department,CH49 5PE,England,-3.0968145,53.36963979999999,E38000208,CH49,Wirral,NA,North West
wirral_university,wirral_university,RBL17,Outpatients Department (Clatterbridge Hospital),CH63 4JY,England,-3.0241362,53.3329001,E38000208,CH63,Wirral,NA,North West
whiston_hospital,whiston_hospital,RBN01,Whiston Hospital,L35 5DR,England,-2.7849529,53.420485,E38000091,L35,Knowsley,Acute,North West
royal_liverpool__b,royal_liverpool__b,RBQHQ,Liverpool Heart And Chest Hospital Nhs Trust Hq,L14 3PE,England,-2.897989,53.4111671,E38000101,L14,Liverpool,Acute,North West
mid_cheshire_hospi,mid_cheshire_hospi,RBT20,Leighton Hospital,CW1 4QJ,England,-2.4758632,53.1177013,E38000151,CW1,Cheshire East,Acute,North West
the_christie_nhsft,the_christie_nhsft,RBV01,The Christie,M20 4BX,England,-2.2301237,53.4297829,E38000217,M20,Manchester,Acute,North West
aintree_university,aintree_university,REM20,Walton Hospital,L9 1NL,England,-2.9617485,53.4512643,E38000101,L9,Liverpool,Acute,North West
aintree_university,aintree_university,REM21,University Hospital Aintree,L9 7AL,England,-2.9311029,53.4663384,E38000101,L9,Liverpool,Acute,North West
royal_liverpool__b,royal_liverpool__b,REMRQ,Royal Liverpool University Hospital,L7 8XP,England,-2.9648086,53.409523,E38000101,L7,Liverpool,Acute,North West
clatterbridge_canc,clatterbridge_canc,REN20,Clatterbridge Cancer Centre -Wirral,CH63 4JY,England,-3.0241362,53.3329001,E38000208,CH63,Wirral,Acute,North West
liverpool_womens_h,liverpool_womens_h,REP01,Liverpool Womens Hospital,L8 7SS,England,-2.9600769,53.39847779999999,E38000101,L8,Liverpool,Acute,North West
macclesfield_distr,macclesfield_distr,RJN71,Macclesfield District General Hospital,SK10 3BL,England,-2.142082,53.26183,E38000056,SK10,Cheshire East,Acute,North West
countess_of_cheste,countess_of_cheste,RJR05,Countess Of Chester Hospital,CH2 1UL,England,-2.8978854,53.208815800000004,E38000196,CH2,Cheshire West and Chester,Acute,North West
salford_royal_nhsf,salford_royal_nhsf,RM301,Salford Royal,M6 8HD,England,-2.3234233,53.4875616,E38000143,M6,Salford,Acute,North West
salford_royal_nhsf,salford_royal_nhsf,RM310,Manchester Skin Care South Hub - Wythenshawe,M22 4GA,England,-2.2566864,53.3919323,E38000217,M22,Manchester,NA,North West
bolton_nhst,bolton_nhst,RMC01,Royal Bolton Hospital,BL4 0JR,England,-2.433355,53.55443,E38000016,BL4,Bolton,Acute,North West
tameside_hospital,tameside_hospital,RMP01,Tameside General Hospital,OL6 9RW,England,-2.0715971,53.4930995,E38000182,OL6,Tameside,Acute,North West
whiston_hospital,whiston_hospital,RNN01,London Road Community Clinic,CA1 2NS,England,-2.9190224,54.8830724,E38000215,CA1,Carlisle,NA,North East and Yorkshire
manchester_univers,NA,R0A66,North Manchester General Hospital,M8 5RB,England,-2.229499,53.5178983,E38000217,M8,Manchester,Acute,North West
wrightington_wigan,wrightington_wigan,RRF02,Royal Albert Edward Infirmary,WN1 2NN,England,-2.6290904,53.55775449999999,E38000205,WN1,Wigan,Acute,North West
north_west_borough,north_west_borough,RTV33,Hollins Park,WA2 8WA,England,-2.6068619,53.4295323,E38000194,WA2,Warrington,Community,North West
university_hospita,university_hospita,RTX02,Royal Lancaster Infirmary,LA1 4RP,England,-2.80002,54.04307,E38000228,LA1,Lancaster,Acute,North West
university_hospita,university_hospita,RTXBU,Furness General Hospital,LA14 4LF,England,-3.2078967,54.1364033,E38000228,LA14,Barrow-in-Furness,Acute,North West
university_hospita,university_hospita,RTXBW,Westmorland General Hospital,LA9 7RG,England,-2.7325533,54.3067127,E38000228,LA9,South Lakeland,Acute,North West
southport_and_orms,southport_and_orms,RVY01,Southport & Formby District General Hospital,PR8 6PN,England,-2.9788204,53.6335697,E38000170,PR8,Sefton,Acute,North West
lancashire__south,lancashire__south,RW5JJ,Royal Preston Hospital,PR2 9HT,England,-2.7040145,53.7908668,E38000227,PR2,Preston,Community,North West
merseycare_nhs_fou,merseycare_nhs_fou,RW404,Ashworth Hospital,L31 1HW,England,-2.9153729,53.51868460000001,E38000161,L31,Sefton,Mental,North West
fairfield_general,fairfield_general,RW601,Fairfield General Hospital,BL9 7TD,England,-2.25562,53.6004391,E38000024,BL9,Bury,Acute,North West
the_pennine_acute,the_pennine_acute,RW602,North Manchester General Hospital,M8 5RB,England,-2.229499,53.5178983,E38000217,M8,Manchester,Acute,North West
the_royal_oldham_h,the_royal_oldham_h,RW603,Royal Oldham Hospital,OL1 2JH,England,-2.1218284,53.5532642,E38000135,OL1,Oldham,Acute,North West
stockport_nhsft,stockport_nhsft,RWJ09,Stepping Hill Hospital,SK2 7JE,England,-2.1320187,53.38379450000001,E38000174,SK2,Stockport,Acute,North West
warrington_and_hal,warrington_and_hal,RWWWH,Warrington Hospital,WA5 1QG,England,-2.6107166,53.393989,E38000194,WA5,Warrington,Acute,North West
cheshire_and_wirra,cheshire_and_wirra,RXADT,Countess Of Chester Hospital,CH2 1UL,England,-2.8978854,53.208815800000004,E38000196,CH2,Cheshire West and Chester,Community,North West
cheshire_and_wirra,cheshire_and_wirra,RXADY,Ellesmere Port Civic Hall,CH65 0AZ,England,-2.9032327000000002,53.2772728,E38000196,CH65,Cheshire West and Chester,Community,North West
blackpool_teaching,blackpool_teaching,RXL01,Blackpool Victoria Hospital,FY3 8NR,England,-3.015863,53.8206157,E38000015,FY3,Blackpool,Acute,North West
royal_preston_hosp,royal_preston_hosp,RXN02,Royal Preston Hospital,PR2 9HT,England,-2.704496,53.79086,E38000227,PR2,Preston,Acute,North West
east_lancashire_ho,east_lancashire_ho,RXR20,Royal Blackburn Hospital,BB2 3HH,England,-2.4627143,53.73557479999999,E38000014,BB2,Blackburn with Darwen,Acute,North West
nhs_ayrshire_and_a,nhs_ayrshire_and_a,A101H,Arran War Memorial Hospital,KA27 8LF,Scotland,-5.1154927,55.543118,S08000015,KA27,North Ayrshire,NA,Scotland
nhs_ayrshire_and_a,nhs_ayrshire_and_a,A103H,Ayrshire Central Hospital,KA12 8SS,Scotland,-4.6761064,55.6350557,S08000015,KA12,North Ayrshire,Community,Scotland
nhs_ayrshire_and_a,nhs_ayrshire_and_a,A111H,University Hospital Crosshouse,KA2 0BE,Scotland,-4.539388499999999,55.6139385,S08000015,KA2,East Ayrshire,Acute,Scotland
nhs_ayrshire_and_a,nhs_ayrshire_and_a,A208H,Biggart Hospital,KA9 2HQ,Scotland,-4.6048418,55.4925773,S08000015,KA9,South Ayrshire,NA,Scotland
nhs_ayrshire_and_a,nhs_ayrshire_and_a,A210H,University Hospital Ayr,KA6 6DX,Scotland,-4.5955377,55.430331700000004,S08000015,KA6,East Ayrshire,Acute,Scotland
nhs_ayrshire_and_a,nhs_ayrshire_and_a,A215H,East Ayrshire Community Hospital,KA18 1EF,Scotland,-4.271264299999999,55.45147069999999,S08000015,KA18,East Ayrshire,Community,Scotland
nhs_ayrshire_and_a,nhs_ayrshire_and_a,A216H,Girvan Community Hospital,KA26 9HQ,Scotland,-4.846974900000001,55.2483077,S08000015,KA26,South Ayrshire,NA,Scotland
borders_general_ho,borders_general_ho,B120H,Borders General Hospital,TD6 9BS,Scotland,-2.741945,55.5954778,S08000016,TD6,Scottish Borders,Acute,Scotland
nhs_highland,nhs_highland,C106H,Cowal Community Hospital,PA23 7RL,Scotland,-4.927686599999999,55.9569345,S08000022,PA23,Argyllshire,Community,Scotland
nhs_highland,nhs_highland,C121H,Lorn & Islands Hospital,PA34 4HH,Scotland,-5.474916200000001,56.4004045,S08000022,PA34,Argyllshire,Acute,Scotland
nhs_highland,nhs_highland,C122H,Campbeltown Hospital,PA28 6LE,Scotland,-5.6067914,55.4214101,S08000022,PA28,Argyllshire,Acute,Scotland
golden_jubilee_nat,golden_jubilee_nat,D102H,Golden Jubilee National Hospital,G81 4DY,Scotland,-4.4199872,55.9064448,S08000031,G81,West Dunbartonshire,Acute,Scotland
victoria_hospital,victoria_hospital,F701H,Cameron Hospital,KY8 5RR,Scotland,-3.0579362,56.1864219,S08000029,KY8,Fife,Acute,Scotland
victoria_hospital,victoria_hospital,F704H,Victoria Hospital,KY2 5AH,Scotland,-3.160138,56.12510779999999,S08000029,KY2,Fife,Acute,Scotland
victoria_hospital,victoria_hospital,F708H,Adamson Hospital,KY15 4JG,Scotland,-3.017942,56.3243057,S08000029,KY15,Fife,Acute,Scotland
victoria_hospital,victoria_hospital,F716H,Glenrothes Hospital,KY7 5TG,Scotland,-3.1825081,56.20507809999999,S08000029,KY7,Fife,Acute,Scotland
victoria_hospital,victoria_hospital,F805H,Queen Margaret Hospital,KY12 0SU,Scotland,-3.426960100000001,56.0823016,S08000029,KY12,Fife,Community,Scotland
queen_elizabeth_uh,queen_elizabeth_uh,G405H,Queen Elizabeth University Hospital,G51 4TF,Scotland,-4.3381034,55.86264079999999,S08000031,G51,Glasgow,Acute,Scotland
nhs_highland,nhs_highland,H103H,Caithness General Hospital,KW1 5NS,Scotland,-3.095744,58.44132879999999,S08000022,KW1,Highland,Acute,Scotland
nhs_highland,nhs_highland,H201H,Rni Community Hospital,IV3 5SF,Scotland,-4.2315708,57.47063190000001,S08000022,IV3,Highland,Community,Scotland
nhs_highland,nhs_highland,H202H,Raigmore Hospital,IV2 3UJ,Scotland,-4.1924701,57.4738072,S08000022,IV2,Highland,Acute,Scotland
nhs_lanarkshire,nhs_lanarkshire,L106H,University Hospital Monklands,ML6 0JS,Scotland,-3.9995873,55.8658781,S08000032,ML6,North Lanarkshire,Acute,Scotland
nhs_lanarkshire,nhs_lanarkshire,L302H,University Hospital Hairmyres,G75 8RG,Scotland,-4.2219632,55.7598207,S08000032,G75,South Lanarkshire,Acute,Scotland
nhs_lanarkshire,nhs_lanarkshire,L308H,University Hospital Wishaw,ML2 0DP,Scotland,-3.9417382,55.7736929,S08000032,ML2,North Lanarkshire,Acute,Scotland
aberdeen_royal_inf,aberdeen_royal_inf,N101H,Aberdeen Royal Infirmary,AB25 2ZN,Scotland,-2.137269,57.1547,S08000020,AB25,Aberdeen,Acute,Scotland
nhs_lothian,nhs_lothian,S116H,Western General Hospital,EH4 2XU,Scotland,-3.2349075,55.9618023,S08000024,EH4,Edinburgh,Acute,Scotland
nhs_lothian,nhs_lothian,S225H,Royal Hospital For Sick Children (Edinburgh),EH9 1LF,Scotland,-3.1888746,55.9384531,S08000024,EH9,Edinburgh,Acute,Scotland
nhs_lothian,nhs_lothian,S308H,St John's Hospital,EH54 6PP,Scotland,-3.5230849,55.891884,S08000024,EH54,West Lothian,Acute,Scotland
nhs_lothian,nhs_lothian,S314H,Royal Infirmary Of Edinburgh At Little France,EH16 4SA,Scotland,-3.1359398,55.9217543,S08000024,EH16,Edinburgh,Acute,Scotland
ninewells_hospital,ninewells_hospital,T101H,Ninewells Hospital,DD1 9SY,Scotland,-2.9914152,56.46167879999999,S08000030,DD1,Dundee,Acute,Scotland
nhs_forth_valley,nhs_forth_valley,V217H,Forth Valley Royal Hospital,FK5 4WR,Scotland,-3.8480021,56.0251154,S08000019,FK5,Falkirk,Acute,Scotland
nhs_dumfries_and_g,nhs_dumfries_and_g,Y146H,Dumfries & Galloway Royal Infirmary,DG2 8RX,Scotland,NA,NA,S08000017,DG2,Dumfriesshire,Acute,Scotland
solent_nhs_trust,solent_nhs_trust,R1C03,Western Community Hospital,SO16 4XE,England,-1.4460312,50.9252399,E38000167,SO16,Southampton,Community,South East
solent_nhs_trust,solent_nhs_trust,R1CD4,St Mary's Health Campus,PO3 6AD,England,-1.0639319,50.8001219,E38000137,PO3,Hampshire,Community,South East
isle_of_wight_nhs,isle_of_wight_nhs,R1F01,St Mary's Hospital,PO30 5TG,England,-1.3013203,50.7108316,E38000087,PO30,Isle of Wight,Acute,South East
royal_surrey_nhsft,royal_surrey_nhsft,RA201,Royal Surrey County Hospital,GU2 7XX,England,-0.6074424,51.2410124,E38000214,GU2,Guildford,Acute,South East
sussex_community_n,sussex_community_n,RDR05,Brighton General Hospital,BN2 3EW,England,0.1145,50.831,E38000021,BN2,Brighton and Hove,Community,South East
frimley_health_nhs,frimley_health_nhs,RDU01,Frimley Park Hospital,GU16 7UJ,England,-0.7420112,51.3196658,E38000178,GU16,Surrey Heath,Acute,South East
frimley_health_nhs,frimley_health_nhs,RDU50,Wexham Park Hospital,SL2 4HL,England,-0.5739734,51.532009,E38000224,SL2,South Buckinghamshire,Acute,South East
university_hospita,university_hospita,RHM01,Southampton General Hospital,SO16 6YD,England,-1.4350951,50.933011,E38000167,SO16,Southampton,Acute,South East
portsmouth_hospita,portsmouth_hospita,RHU03,Queen Alexandra Hospital,PO6 3LY,England,-1.0699169,50.8502874,E38000137,PO6,Hampshire,Acute,South East
royal_berkshire_ho,royal_berkshire_ho,RHW01,Royal Berkshire Hospital,RG1 5AN,England,-0.9593095,51.4510228,E38000221,RG1,Berkshire,Acute,South East
hampshire_hospital,hampshire_hospital,RN506,Basingstoke And North Hampshire Hospital,RG24 9NA,England,-1.1098995,51.2806327,E38000120,RG24,Hampshire,Acute,South East
hampshire_hospital,hampshire_hospital,RN541,Royal Hampshire County Hospital,SO22 5DG,England,-1.3291585,51.0617004,E38000198,SO22,Winchester,Acute,South East
dartford_and_grave,dartford_and_grave,RN707,Darent Valley Hospital,DA2 8DA,England,0.2586735,51.43495189999999,E38000043,DA2,Dartford,Acute,South East
medway_nhsft,medway_nhsft,RPA02,Medway Maritime Hospital,ME7 5NY,England,0.5420905,51.37986129999999,E38000104,ME7,Medway,Acute,South East
queen_victoria_hos,queen_victoria_hos,RPC04,Queen Victoria Hospital (East Grinstead),RH19 3DZ,England,-0.0028728,51.1350691,E38000083,RH19,Mid Sussex,NA,South East
oxford_university,oxford_university,RTH08,John Radcliffe Hospital,OX3 9DU,England,-1.2197872,51.7638761,E38000136,OX3,Oxford,Acute,South East
ashford_and_st_pet,ashford_and_st_pet,RTK01,St Peter's Hospital,KT16 0PZ,England,-0.5270410999999999,51.3778309,E38000128,KT16,Runnymede,Acute,South East
surrey_and_sussex,surrey_and_sussex,RTP04,East Surrey Hospital,RH1 5RH,England,-0.1619829,51.2191918,E38000054,RH1,Reigate and Banstead,Acute,South East
east_kent_hospital,east_kent_hospital,RVV01,William Harvey Hospital (Ashford),TN24 0LZ,England,0.9162398,51.1414898,E38000002,TN24,Ashford,Acute,South East
east_kent_hospital,east_kent_hospital,RVV09,Queen Elizabeth The Queen Mother Hospital,CT9 4AN,England,1.3893987,51.37805,E38000184,CT9,Kent,Acute,South East
east_kent_hospital,east_kent_hospital,RVVKC,Kent & Canterbury Hospital,CT1 3NG,England,1.0871132,51.266593,E38000029,CT1,Kent,Acute,South East
southern_health_nh,southern_health_nh,RW154,Moorgreen Hospital,SO30 3JB,England,-1.3233763,50.92863999999999,E38000198,SO30,Eastleigh,Community,South East
maidstone_and_tunb,maidstone_and_tunb,RWF03,The Maidstone Hospital,ME16 9QQ,England,0.484004,51.2736607,E38000199,ME16,Maidstone,Acute,South East
maidstone_and_tunb,maidstone_and_tunb,RWFTW,The Tunbridge Wells Hospital,TN2 4QJ,England,0.3074976,51.1484505,E38000199,TN2,Tunbridge Wells,Acute,South East
sussex_partnership,sussex_partnership,RX219,Trust Headquarters,BN13 3EP,England,-0.4111363,50.8412029,E38000213,BN13,Worthing,Community,South East
east_sussex_health,east_sussex_health,RXC01,Conquest Hospital,TN37 7RD,England,0.5672992,50.8851628,E38000076,TN37,Hastings,Acute,South East
east_sussex_health,east_sussex_health,RXC02,Eastbourne District General Hospital,BN21 2UD,England,0.2711358,50.7869635,E38000055,BN21,Eastbourne,Acute,South East
brighton_and_susse,brighton_and_susse,RXH01,Royal Sussex County Hospital,BN2 5BE,England,-0.1181487,50.8194623,E38000021,BN2,Brighton and Hove,Acute,South East
brighton_and_susse,brighton_and_susse,RXH09,Princess Royal Hospital,RH16 4EX,England,-0.0902558,50.9910902,E38000083,RH16,Mid Sussex,Acute,South East
buckinghamshire_he,buckinghamshire_he,RXQ02,Stoke Mandeville Hospital,HP21 8AL,England,-0.8008387,51.79839,E38000223,HP21,Aylesbury Vale,Acute,South East
buckinghamshire_he,buckinghamshire_he,RXQ50,Wycombe Hospita,HP11 2TT,England,-0.7534082999999999,51.6264449,E38000223,HP11,Wycombe,Community,South East
surrey_and_borders,surrey_and_borders,RXX10,Abraham Cowley Unit,KT16 0AE,England,-0.5289917,51.3792853,E38000128,KT16,Runnymede,Community,South East
kent_and_medway_nh,kent_and_medway_nh,RXY6J,Beech House,ME16 9PH,England,0.4857289,51.2732104,E38000199,ME16,Maidstone,Community,South East
western_sussex_hos,western_sussex_hos,RYR16,St Richard's Hospital,PO19 6SE,England,-0.7680078,50.8435442,E38000213,PO19,Sussex,Acute,South East
western_sussex_hos,western_sussex_hos,RYR18,Worthing Hospital,BN11 2DH,England,-0.3634037,50.8166834,E38000213,BN11,Worthing,Acute,South East
kent_community_hea,kent_community_hea,RYYDC,Tonbridge Cottage Hospital,TN11 0NE,England,0.2734927,51.1780664,E38000199,TN11,Sevenoaks,NA,South East
glan_clwyd_hospita,glan_clwyd_hospita,7A1A1,Ysbyty Glan Clwyd,LL18 5UJ,Wales,-3.4963472,53.2717718,W11000023,LL18,Conwy,Acute,Wales
wrexham_maelor_hos,wrexham_maelor_hos,7A1A4,Wrexham Maelor Hospital,LL13 7TD,Wales,-3.0079975,53.0459743,W11000023,LL13,Wrexham,Acute,Wales
wrexham_maelor_hos,wrexham_maelor_hos,7A1A7,Chirk Community Hospital,LL14 5LN,Wales,-3.0520878,52.94351409999999,W11000023,LL14,Wrexham,Community,Wales
glan_clwyd_hospita,glan_clwyd_hospita,7A1A8,Colwyn Bay Community Hospital,LL29 8AY,Wales,-3.7104663,53.2882645,W11000023,LL29,Conwy,Acute,Wales
glan_clwyd_hospita,glan_clwyd_hospita,7A1A9,Denbigh Community Hospital,LL16 3ES,Wales,-3.4098784,53.1860387,W11000023,LL16,Denbighshire,Acute,Wales
glan_clwyd_hospita,glan_clwyd_hospita,7A1AB,Holywell Community Hospital,CH8 7TZ,Wales,-3.217519,53.2693453,W11000023,CH8,Flintshire,Community,Wales
wrexham_maelor_hos,wrexham_maelor_hos,7A1AD,Mold Community Hospital,CH7 1RH,Wales,-3.1466693,53.1696537,W11000023,CH7,Flintshire,Community,Wales
glan_clwyd_hospita,glan_clwyd_hospita,7A1AF,Ruthin Community Hospital,LL15 1PS,Wales,-3.3028133,53.113031,W11000023,LL15,Denbighshire,Community,Wales
betsi_cadwaladr_un,betsi_cadwaladr_un,7A1AU,Ysbyty Gwynedd,LL57 2PW,Wales,-4.1598311,53.2090362,W11000023,LL57,Gwynedd,Acute,Wales
betsi_cadwaladr_un,betsi_cadwaladr_un,7A1AV,Llandudno General Hospital Site,LL30 1LB,Wales,-3.8279473,53.3113784,W11000023,LL30,Conwy,Acute,Wales
betsi_cadwaladr_un,betsi_cadwaladr_un,7A1AX,Bryn Beryl Hospital,LL53 6TT,Wales,-4.3992659,52.90770610000001,W11000023,LL53,Gwynedd,Community,Wales
betsi_cadwaladr_un,betsi_cadwaladr_un,7A1AY,Dolgellau & Barmouth District Hospital Site,LL40 1NT,Wales,-3.8817772,52.7407511,W11000023,LL40,Gwynedd,Acute,Wales
betsi_cadwaladr_un,betsi_cadwaladr_un,7A1CA,Ysbyty Alltwen,LL49 9RN,Wales,-4.146569,52.9394246,W11000023,LL49,Gwynedd,Community,Wales
wrexham_maelor_hos,wrexham_maelor_hos,7A1CC,Deeside Community Hospital,CH5 1XS,Wales,-3.0379971,53.2010976,W11000023,CH5,Flintshire,Community,Wales
betsi_cadwaladr_un,betsi_cadwaladr_un,7A1DC,Ysbyty Penrhos Stanley,LL65 2QA,Wales,-4.6158534,53.3043826,W11000023,LL65,Anglesey,Community,Wales
betsi_cadwaladr_un,betsi_cadwaladr_un,7A1DD,Cefni Hospital,LL77 7PP,Wales,-4.3052756,53.256102,W11000023,LL77,Anglesey,Acute,Wales
betsi_cadwaladr_un,betsi_cadwaladr_un,7A1DG,Eryri Hospital,LL55 2YE,Wales,-4.262796,53.1301005,W11000023,LL55,Gwynedd,Community,Wales
glangwili_general,glangwili_general,7A2AA,Glangwili Hospital Child Health Section,SA31 2AF,Wales,-4.2847593,51.86753270000001,W11000025,SA31,Carmarthenshire,Acute,Wales
morriston_hospital,morriston_hospital,7A3YA,Abertawe Bro Morgannwg University Lhb Bridgend Locality Office,CF31 3TP,Wales,-3.5492309,51.5025178,W11000030,CF31,Bridgend,Acute,Wales
cardiff_and_vale_u,cardiff_and_vale_u,7A4BV,University Hospital Of Wales,CF14 4XW,Wales,-3.1893688,51.5067653,W11000029,CF14,Cardiff,Acute,Wales
cardiff_and_vale_u,cardiff_and_vale_u,7A4H1,Noahs Ark Childrens Hospital For Wales,CF14 4XW,Wales,-3.1893688,51.5067653,W11000029,CF14,Cardiff,Acute,Wales
cwm_taf_morgannwg,cwm_taf_morgannwg,7A5B1,The Royal Glamorgan Hospital,CF72 8XR,Wales,-3.3912434,51.5478868,W11000030,CF72,Rhondda Cynon Taf,Acute,Wales
cwm_taf_morgannwg,cwm_taf_morgannwg,7A5B3,Prince Charles Hospital Site,CF47 9DT,Wales,-3.385754,51.76418049999999,W11000030,CF47,Merthyr Tydfil,Acute,Wales
cwm_taf_morgannwg,cwm_taf_morgannwg,7A5CA,Ysbyty Cwm Rhondda,CF40 2LU,Wales,-3.4486007,51.63594399999999,W11000030,CF40,Rhondda Cynon Taf,Community,Wales
cwm_taf_morgannwg,cwm_taf_morgannwg,7A5HA,Ysbyty Cwm Cynon,CF45 4BZ,Wales,-3.3928405,51.686921,W11000030,CF45,Rhondda Cynon Taf,Community,Wales
bronglais_general,bronglais_general,WB2AJ,Bronglais General Hospital,SY23 1ER,Wales,-4.0716032,52.4160832,W11000025,SY23,Ceredigion,Acute,Wales
prince_philip_hosp,prince_philip_hosp,WB3AL,Prince Philip Hospital,SA14 8QF,Wales,-4.1347793,51.6919012,W11000025,SA14,Carmarthenshire,Acute,Wales
withybush_general,withybush_general,WF1BL,Withybush General Hospital,SA61 2PZ,Wales,-4.965279199999999,51.8127333,W11000025,SA61,Pembrokeshire,Acute,Wales
worcestershire_hea,worcestershire_hea,R1A0C,Kings Court 2,WR5 1JR,England,-2.1781299,52.1923517,E38000166,WR5,Worcester,Community,Midlands
walsall_healthcare,walsall_healthcare,RBK02,Manor Hospital,WS2 9PS,England,-1.9989182,52.5823456,E38000191,WS2,Walsall,Acute,Midlands
warwick_hospital,warwick_hospital,RJC02,Warwick Hospital,CV34 5BW,England,-1.5832031,52.2899649,E38000164,CV34,Warwick,Acute,Midlands
university_hospitac,university_hospitac,RJE01,Royal Stoke University Hospital,ST4 6QG,England,-2.2120659,53.0031713,E38000175,ST4,Staffordshire,Acute,Midlands
university_hospitac,university_hospitac,RJE09,County Hospital,ST16 3SA,England,-2.0977812,52.81130710000001,E38000173,ST16,Staffordshire,Acute,Midlands
university_hospitab,university_hospitab,RKB01,University Hospital (Coventry),CV2 2DX,England,-1.4383947,52.4212289,E38000038,CV2,Coventry,Acute,Midlands
robert_jones__agne,robert_jones__agne,RL131,Robert Jones & Agnes Hunt Orthopaedic Hospital,SY10 7AG,England,-3.0326841,52.8842264,E38000147,SY10,Shropshire,Acute,Midlands
the_royal_wolverha,the_royal_wolverha,RL402,The Phoenix Health Centre,WV4 6ED,England,-2.119983,52.56721719999999,E38000210,WV4,Wolverhampton,NA,Midlands
the_royal_wolverha,the_royal_wolverha,RL403,New Cross Hospital,WV10 0QP,England,-2.0955485,52.599738,E38000210,WV10,Wolverhampton,Acute,Midlands
hereford_hospital,hereford_hospital,RLQ01,Hereford County Hospital,HR1 2ER,England,-2.7057105,52.0570217,E38000078,HR1,Hereford,Acute,Midlands
george_eliot_hospi,george_eliot_hospi,RLT01,George Eliot Hospital - Acute Services,CV10 7DJ,England,-1.4784305,52.5125974,E38000195,CV10,Nuneaton & Bedworth,Acute,Midlands
north_staffordshir,north_staffordshir,RLY88,Harplands Hospital,ST4 6RR,England,-2.2083125,53.0004542,E38000175,ST4,Staffordshire,Community,Midlands
the_dudley_group_n,the_dudley_group_n,RNA01,Russells Hall Hospital,DY1 2HQ,England,-2.1185116,52.5029586,E38000046,DY1,Dudley,Acute,Midlands
birmingham_womens,birmingham_womens,RQ301,Birmingham Children's Hospital,B4 6NH,England,-1.8937492,52.4849097,E38000220,B4,Birmingham,Acute,Midlands
midlands_partnersh,midlands_partnersh,RRE11,St George's Hospital,ST16 3AG,England,-2.1105097,52.8109991,E38000173,ST16,Staffordshire,Mental,Midlands
the_royal_orthopae,the_royal_orthopae,RRJ05,Royal Orthopaedic Hospital,B31 2AP,England,-1.9608208,52.421149,E38000220,B31,Birmingham,Community,Midlands
university_hospita,university_hospita,RRK02,Queen Elizabeth University Hospital Birmingham,B15 2GW,England,-1.9429313,52.4512054,E38000220,B15,Birmingham,Acute,Midlands
worcestershire_acu,worcestershire_acu,RWP50,Worcestershire Royal Hospital,WR5 1DD,England,-2.1811534,52.1912052,E38000166,WR5,Worcester,Acute,Midlands
sandwell_and_west,sandwell_and_west,RXK01,Sandwell General Hospital,B71 4HJ,England,-1.9888661,52.5280912,E38000144,B71,Sandwell,Acute,Midlands
sandwell_and_west,sandwell_and_west,RXK02,City Hospital,B18 7QH,England,-1.932501,52.4886423,E38000144,B18,Birmingham,Acute,Midlands
birmingham_and_sol,birmingham_and_sol,RXTC1,B1 Bsmht Hq,B1 3RB,England,-1.9173115,52.4841286,E38000144,B1,Birmingham,Community,Midlands
shrewsbury__telfor,shrewsbury__telfor,RXWAS,Royal Shrewsbury Hospital,SY3 8XQ,England,-2.7936889,52.7092737,E38000147,SY3,Shropshire,Acute,Midlands
coventry__warwicks,coventry__warwicks,RYGHQ,Caludon Centre,CV2 2TE,England,-1.4452332,52.4225547,E38000038,CV2,Coventry,Community,Midlands
birmingham_communi,birmingham_communi,RYW23,Moseley Hall Hospital,B13 8JL,England,-1.8928856,52.4459372,E38000220,B13,Birmingham,Community,Midlands
black_country_heal,black_country_heal,TAJ52,Penn Hospital,WV4 5HN,England,NA,NA,E38000210,WV4,Wolverhampton,Mental,Midlands
ni_southern_trust,ni_southern_trust,ZT003,Southern Health & Social Care Trust,BT63 5QQ,Northern Ireland,-6.410234699999999,54.4334842,ZB001,BT63,Craigavon,Acute,Northern Ireland
weston_area_health,weston_area_health,RA7C2,Weston General Hospital,BS23 4TQ,England,-2.971405,51.3223309,E38000222,BS23,North Somerset,Acute,South West
yeovil_district_ho,yeovil_district_ho,RA430,Yeovil District Hospital,BA21 4AT,England,-2.6347126,50.9448354,E38000150,BA21,South Somerset,Acute,South West
university_hospitab,university_hospitab,RA701,Bristol Royal Infirmary,BS2 8HW,England,-2.5961402,51.4591818,E38000222,BS2,Bristol,Acute,South West
university_hospitab,university_hospitab,RA707,St Michael's Hospital,BS2 8EG,England,-2.5993925,51.4591292,E38000222,BS2,Bristol,Community,South West
university_hospitab,university_hospitab,RA723,Bristol Royal Hospital For Children,BS2 8BJ,England,-2.5973305,51.457746,E38000222,BS2,Bristol,Acute,South West
torbay_and_south_d,torbay_and_south_d,RA901,Torbay Hospital,TQ2 7AA,England,-3.5538192,50.4823025,E38000230,TQ2,Torbay,Acute,South West
musgrove_park_hosp,musgrove_park_hosp,RBA11,Musgrove Park Hospital,TA1 5DA,England,-3.1217022,51.0115686,E38000150,TA1,Somerset,Acute,South West
dorset_county_hosp,dorset_county_hosp,RBD01,Dorset County Hospital,DT1 2JY,England,-2.4469342,50.7129311,E38000045,DT1,West Dorset,Acute,South West
northern_devon_hea,northern_devon_hea,RBZ12,North Devon District Hospital,EX31 4JB,England,-4.0504544,51.0921658,E38000230,EX31,Exeter,Acute,South West
royal_united_hospi,royal_united_hospi,RD130,,BA1 3NG,England,-2.391191,51.39284,E38000009,BA1,Bath and North East Somerset,Acute,South West
poole_hospital_nhs,poole_hospital_nhs,RD300,Poole General Hospital,BH15 2JB,England,-1.9731095,50.7219772,E38000045,BH15,Poole,Acute,South West
dorset_healthcare,dorset_healthcare,RDY10,St Ann's Hospital,BH13 7LN,England,-1.9281087,50.6991514,E38000045,BH13,Poole,NA,South West
dorset_healthcare,dorset_healthcare,RDY22,Alderney Hospital,BH12 4NB,England,-1.9409733,50.7496983,E38000045,BH12,Poole,Community,South West
dorset_healthcare,dorset_healthcare,RDYEF,Weymouth Community Hospital,DT4 7TB,England,-2.4510085,50.6210254,E38000045,DT4,Weymouth and Portland,Community,South West
dorset_healthcare,dorset_healthcare,RDYEJ,Bridport Community Hospital,DT6 5DR,England,-2.7699286,50.74159419999999,E38000045,DT6,West Dorset,Community,South West
dorset_healthcare,dorset_healthcare,RDYER,Blandford Community Hospital,DT11 7DD,England,-2.1679794,50.8630629,E38000045,DT11,North Dorset,Community,South West
dorset_healthcare,dorset_healthcare,RDYEY,Westminster Memorial Hospital,SP7 8BD,England,-2.2001447,51.0047144,E38000045,SP7,North Dorset,Community,South West
dorset_healthcare,dorset_healthcare,RDYFC,Yeatman Hospital,DT9 3JU,England,-2.519840400000001,50.9496581,E38000045,DT9,West Dorset,NA,South West
dorset_healthcare,dorset_healthcare,RDYFE,Victoria Hospital W'borne,BH21 1ER,England,-1.9959109,50.80218619999999,E38000045,BH21,East Dorset,Community,South West
dorset_healthcare,dorset_healthcare,RDYFF,Swanage Communtiy Hospital,BH19 2ES,England,-1.9612068,50.6054982,E38000045,BH19,Purbeck,NA,South West
dorset_healthcare,dorset_healthcare,RDYFX,Nightingale House,BH4 8EW,England,-1.9044122,50.716715,E38000045,BH4,Bournemouth,NA,South West
royal_bournemouth,royal_bournemouth,RDZ20,Royal Bournemouth General Hospital,BH7 7DW,England,-1.8205121,50.74747170000001,E38000045,BH7,Bournemouth,Acute,South West
royal_cornwall,royal_cornwall,REF12,Royal Cornwall Hospital (Treliske),TR1 3LJ,England,-5.0915107,50.26667519999999,E38000089,TR1,Cornwall,Acute,South West
royal_devon_and_ex,royal_devon_and_ex,RH801,Royal Devon & Exeter Hospital,EX2 5DW,England,-3.506694,50.7166919,E38000230,EX2,Exeter,Acute,South West
cornwall_partnersh,cornwall_partnersh,RJ827,Trengweath,TR15 2SP,England,-5.2290902,50.2323987,E38000089,TR15,Cornwall,Community,South West
university_hospita,university_hospita,RK950,Derriford Hospital,PL6 8DH,England,-4.1137121,50.4167067,E38000230,PL6,Plymouth,Acute,South West
NA,NA,RM325,Wythenshawe Hospital,M23 9LT,England,-2.293183,53.3879381,E38000217,M23,Manchester,Acute,North West
great_western_nhs,great_western_nhs,RN325,The Great Western Hospital,SN3 6BB,England,-1.7271878,51.5385289,E38000181,SN3,Swindon,Acute,South West
nihr_team_wessex,nihr_team_wessex,RNZ02,Salisbury District Hospital,SP2 8BJ,England,-1.7898133,51.0439403,E38000206,SP2,Wiltshire,Acute,South West
gloucester_royal_h,gloucester_royal_h,RTE03,Gloucestershire Royal Hospital,GL1 3NN,England,-2.2320692,51.8663861,E38000062,GL1,Gloucester,Acute,South West
gloucestershire_he,gloucestershire_he,RTQ01,Charlton Lane Site,GL53 9DZ,England,-2.0736735,51.8810586,E38000062,GL53,Tewkesbury,Community,South West
gloucestershire_he,gloucestershire_he,RTQ02,Wotton Lawn Hospital,GL1 3PX,England,-2.2257932,51.8659756,E38000062,GL1,Gloucester,Community,South West
gloucestershire_he,gloucestershire_he,RTQ04,Stroud General Hospital,GL5 2HY,England,-2.2081315,51.74302729999999,E38000062,GL5,Stroud,Community,South West
gloucestershire_he,gloucestershire_he,RTQ19,Lydney Hospital,GL15 5JE,England,-2.5368973,51.7273189,E38000062,GL15,Gloucester,NA,South West
gloucestershire_he,gloucestershire_he,RTQ21,Cirencester Hospital,GL7 1UY,England,-1.9754546,51.7123874,E38000062,GL7,Cotswold,Community,South West
gloucestershire_he,gloucestershire_he,RTQ29,North Cotswold Hospital,GL56 0DS,England,-1.7059458,51.9835644,E38000062,GL56,Tewkesbury,NA,South West
gloucestershire_he,gloucestershire_he,RTQ42,Vale Community Hospital,GL11 4BA,England,-2.3533642,51.68804739999999,E38000062,GL11,Stroud,NA,South West
gloucestershire_he,gloucestershire_he,RTQ85,Dilke Memorial Hospital,GL14 3HX,England,-2.5198641,51.8112129,E38000062,GL14,Gloucester,Community,South West
gloucestershire_he,gloucestershire_he,RTQ87,Tewkesbury General Hospital,GL20 5QN,England,-2.1524708,51.99215599999999,E38000062,GL20,Tewkesbury,Community,South West
southmead_hospital,southmead_hospital,RVJ01,Southmead Hospital,BS10 5NB,England,-2.5910158,51.4948056,E38000222,BS10,Bristol,Acute,South West
avon_and_wiltshire,avon_and_wiltshire,RVN3Q,Blackberry Hill Hospital,BS16 2EW,England,-2.5388333,51.4831432,E38000222,BS16,Bristol,Mental,South West
devon_partnership,devon_partnership,RWV62,Wonford House,EX2 5AF,England,-3.5063121,50.7153838,E38000230,EX2,Exeter,Community,South West
east_and_north_her,NA,RWH010,Lister Hospital,SG1 4AB,England,-0.2127027,51.9246176,E38000049,SG1,Stevenage,Acute,East of England
barking_havering_a,barking_havering_a,EF4QH,Queen's Hospital,RM7 0AG,England,0.1790579,51.56864849999999,E38000077,RM7,Havering,Acute,London
kings_college_hosp,kings_college_hosp,R1Z01,King's College Hospital (Denmark Hill),SE5 9RS,England,-0.0938899,51.4680779,E38000092,SE5,Lambeth,Acute,London
guys_and_st_thomas,guys_and_st_thomas,R122,St Thomas' Hospital,SE1 7EH,England,-0.1188797,51.4979597,E38000092,SE1,Southwark,Acute,London
barking_havering_a,barking_havering_a,RD4QH,Queen's Hospital,RM7 0AG,England,0.1790579,51.56864849999999,E38000077,RM7,Havering,Acute,London
barking_havering_a,NA,RF4QH2,Queen's Hospital,RM7 0AG,England,0.1790579,51.56864849999999,E38000077,RM7,Havering,Acute,London
barking_havering_a,NA,RF4QH5,Queen's Hospital,RM7 0AG,England,0.1790579,51.56864849999999,E38000077,RM7,Havering,Acute,London
barking_havering_a,barking_havering_a,RFQ4H,Queen's Hospital,RM7 0AG,England,0.1790579,51.56864849999999,E38000077,RM7,Havering,Acute,London
guys_and_st_thomas,guys_and_st_thomas,R,St Thomas' Hospital,SE1 7EH,England,-0.1188797,51.4979597,E38000092,SE1,Southwark,Acute,London
guys_and_st_thomas,NA,RJ1220,St Thomas' Hospital,SE1 7EH,England,-0.1188797,51.4979597,E38000092,SE1,Southwark,Acute,London
guys_and_st_thomas,NA,RJ1229,St Thomas' Hospital,SE1 7EH,England,-0.1188797,51.4979597,E38000092,SE1,Southwark,Acute,London
guys_and_st_thomas,guys_and_st_thomas,RJI22,St Thomas' Hospital,SE1 7EH,England,-0.1188797,51.4979597,E38000092,SE1,Southwark,Acute,London
kings_college_hosp,kings_college_hosp,RJZ,King's College Hospital (Denmark Hill),SE5 9RS,England,-0.0938899,51.4680779,E38000092,SE5,Lambeth,Acute,London
barking_havering_a,barking_havering_a,RM4QH,Queen's Hospital,RM7 0AG,England,0.1790579,51.56864849999999,E38000077,RM7,Havering,Acute,London
the_royal_marsden,the_royal_marsden,RYP01,The Royal Marsden Hospital (Surrey),SW3 6JJ,England,-0.1725408,51.49056179999999,E38000202,SW3,Kensington and Chelsea,Acute,London
bradford_teaching,bradford_teaching,PAE01,Bradford Royal Infirmary,BD9 6RJ,England,-1.7946997,53.80599489999999,E38000019,BD9,Bradford,Acute,North East and Yorkshire
salford_royal_nhsf,salford_royal_nhsf,EM301,Salford Royal,M6 8HD,England,-2.3234233,53.4875616,E38000143,M6,Salford,Acute,North West
the_royal_oldham_h,the_royal_oldham_h,R603,Royal Oldham Hospital,OL1 2JH,England,-2.1218284,53.5532642,E38000135,OL1,Oldham,Acute,North West
wirral_university,wirral_university,RBLI4,Arrowe Park Hospital,CH49 5PE,England,-3.0968145,53.36963979999999,E38000208,CH49,Wirral,Acute,North West
aintree_university,NA,REM,University Hospital Aintree,L9 7AL,England,-2.9311029,53.4663384,E38000101,L9,Liverpool,Acute,North West
aintree_university,NA,REM200,University Hospital Aintree,L9 7AL,England,-2.9311029,53.4663384,E38000101,L9,Liverpool,Acute,North West
stockport_nhsft,stockport_nhsft,RJW09,Stepping Hill Hospital,SK2 7JE,England,-2.1320187,53.38379450000001,E38000174,SK2,Stockport,Acute,North West
wirral_university,wirral_university,RLB14,Arrowe Park Hospital,CH49 5PE,England,-3.0968145,53.36963979999999,E38000208,CH49,Wirral,Acute,North West
salford_royal_nhsf,salford_royal_nhsf,RN301,Salford Royal,M6 8HD,England,-2.3234233,53.4875616,E38000143,M6,Salford,Acute,North West
whiston_hospital,whiston_hospital,RNB01,Whiston Hospital,L35 5DR,England,-2.7849529,53.420485,E38000091,L35,Knowsley,Acute,North West
royal_preston_hosp,royal_preston_hosp,RNX02,Royal Preston Hospital,PR2 9HT,England,-2.704496,53.79086,E38000227,PR2,Preston,Acute,North West
wirral_university,wirral_university,RRL14,Arrowe Park Hospital,CH49 5PE,England,-3.0968145,53.36963979999999,E38000208,CH49,Wirral,Acute,North West
the_royal_oldham_h,the_royal_oldham_h,RW063,Royal Oldham Hospital,OL1 2JH,England,-2.1218284,53.5532642,E38000135,OL1,Oldham,Acute,North West
royal_preston_hosp,royal_preston_hosp,RXB02,Royal Preston Hospital,PR2 9HT,England,-2.704496,53.79086,E38000227,PR2,Preston,Community,North West
royal_preston_hosp,royal_preston_hosp,RXV02,Royal Preston Hospital,PR2 9HT,England,-2.704496,53.79086,E38000227,PR2,Preston,Community,North West
nhs_ayrshire_and_a,NA,A103H0,University Hospital Crosshouse,KA2 0BE,Scotland,-4.539388499999999,55.6139385,S08000015,KA2,East Ayrshire,Acute,Scotland
nhs_lanarkshire,nhs_lanarkshire,L160H,University Hospital Monklands,ML6 0JS,Scotland,-3.9995873,55.8658781,S08000032,ML6,North Lanarkshire,Acute,Scotland
nhs_lanarkshire,nhs_lanarkshire,L196H,University Hospital Monklands,ML6 0JS,Scotland,-3.9995873,55.8658781,S08000032,ML6,North Lanarkshire,Acute,Scotland
nhs_lanarkshire,nhs_lanarkshire,L308,University Hospital Monklands,ML6 0JS,Scotland,-3.9995873,55.8658781,S08000032,ML6,North Lanarkshire,Acute,Scotland
nhs_lanarkshire,nhs_lanarkshire,L1006,University Hospital Monklands,ML6 0JS,Scotland,-3.9995873,55.8658781,S08000032,ML6,North Lanarkshire,Acute,Scotland
aberdeen_royal_inf,aberdeen_royal_inf,NH101,Aberdeen Royal Infirmary,AB25 2ZN,Scotland,-2.137269,57.1547,S08000020,AB25,Aberdeen,Acute,Scotland
medway_nhsft,medway_nhsft,0382,Medway Maritime Hospital,ME7 5NY,England,0.5420905,51.37986129999999,E38000104,ME7,Medway,Acute,South East
frimley_health_nhs,frimley_health_nhs,RDU050,Frimley Park Hospital,GU16 7UJ,England,-0.7420112,51.3196658,E38000178,GU16,Surrey Heath,Acute,South East
royal_berkshire_ho,royal_berkshire_ho,RH,Royal Berkshire Hospital,RG1 5AN,England,-0.9593095,51.4510228,E38000221,RG1,Berkshire,Acute,South East
royal_berkshire_ho,NA,RHW012,Royal Berkshire Hospital,RG1 5AN,England,-0.9593095,51.4510228,E38000221,RG1,Berkshire,Acute,South East
betsi_cadwaladr_un,betsi_cadwaladr_un,7AIAU,Ysbyty Glan Clwyd,LL18 5UJ,Wales,-3.4963472,53.2717718,W11000023,LL18,Conwy,Acute,Wales
glan_clwyd_hospita,glan_clwyd_hospita,71A1A,Ysbyty Glan Clwyd,LL18 5UJ,Wales,-3.4963472,53.2717718,W11000023,LL18,Conwy,Acute,Wales
withybush_general,withybush_general,BL1FW,Withybush General Hospital,SA61 2PZ,Wales,-4.965279199999999,51.8127333,W11000025,SA61,Pembrokeshire,Acute,Wales
walsall_healthcare,walsall_healthcare,RBK,Manor Hospital,WS2 9PS,England,-1.9989182,52.5823456,E38000191,WS2,Walsall,Acute,Midlands
worcestershire_acu,worcestershire_acu,WRP50,Worcestershire Royal Hospital,WR5 1DD,England,-2.1811534,52.1912052,E38000166,WR5,Worcester,Acute,Midlands
royal_united_hospi,royal_united_hospi,130,,BA1 3NG,England,-2.391191,51.39284,E38000009,BA1,Bath and North East Somerset,Acute,South West
torbay_and_south_d,torbay_and_south_d,RA009,Torbay Hospital,TQ2 7AA,England,-3.5538192,50.4823025,E38000230,TQ2,Torbay,Acute,South West
torbay_and_south_d,torbay_and_south_d,RA310,Torbay Hospital,TQ2 7AA,England,-3.5538192,50.4823025,E38000230,TQ2,Torbay,Acute,South West
weston_area_health,weston_area_health,RA7C7,Weston General Hospital,BS23 4TQ,England,-2.971405,51.3223309,E38000222,BS23,North Somerset,Acute,South West
torbay_and_south_d,torbay_and_south_d,RA910,Torbay Hospital,TQ2 7AA,England,-3.5538192,50.4823025,E38000230,TQ2,Torbay,Acute,South West
northern_devon_hea,northern_devon_hea,RBZ,North Devon District Hospital,EX31 4JB,England,-4.0504544,51.0921658,E38000230,EX31,Exeter,Acute,South West
royal_united_hospi,royal_united_hospi,RD120,,BA1 3NG,England,-2.391191,51.39284,E38000009,BA1,Bath and North East Somerset,Acute,South West
royal_bournemouth,NA,RDZ0,Royal Bournemouth General Hospital,BH7 7DW,England,-1.8205121,50.74747170000001,E38000045,BH7,Bournemouth,Acute,South West
gloucester_royal_h,gloucester_royal_h,RET03,Gloucestershire Royal Hospital,GL1 3NN,England,-2.2320692,51.8663861,E38000062,GL1,Gloucester,Acute,South West
sherwood_forest_ho,NA,D0056,King's Mill Hospital,NG17 4JL,England,-1.2335786,53.13457320000001,E38000103,NG17,Ashfield,Acute,Midlands
sherwood_forest_ho,sherwood_forest_ho,KR5BC,King's Mill Hospital,NG17 4JL,England,-1.2335786,53.13457320000001,E38000103,NG17,Ashfield,Acute,Midlands
university_hospitab,NA,RWEAA3,Leicester Royal Infirmary,LE1 5WW,England,-1.1359527,52.6268003,E38000097,LE1,Leicester,Acute,Midlands
east_suffolk_and_n,east_suffolk_and_n,RDDE4,Colchester General Hospital,CO4 5JL,England,0.8997715,51.91029,E38000117,CO4,Colchester,Acute,East of England
james_paget_univer,NA,RG075,James Paget University Hospital,NR31 6LA,England,1.7180035,52.5616974,E38000063,NR31,Norfolk,Acute,East of England
james_paget_univer,james_paget_univer,RPG75,James Paget University Hospital,NR31 6LA,England,1.7180035,52.5616974,E38000063,NR31,Norfolk,Acute,East of England
the_queen_elizabet,the_queen_elizabet,RXC70,The Queen Elizabeth Hospital,PE30 4ET,England,0.446694,52.7566298,E38000203,PE30,West Norfolk,Acute,East of England
imperial_college_h,imperial_college_h,RJY01,St Mary's Hospital,W2 1NY,England,-0.1735446,51.516971,E38000202,W2,Westminster,Acute,London
central_and_north,central_and_north,RV3CA,Northwick Park Hospital,HA1 3UJ,England,-0.3220147,51.5754086,E38000020,HA1,Harrow,Acute,London
imperial_college_h,NA,RY01,St Mary's Hospital,W2 1NY,England,-0.1735446,51.516971,E38000202,W2,Westminster,Acute,London
north_cumbria_inte,north_cumbria_inte,NCCIC,Cumberland Infirmary,CA2 7HY,England,-2.9577955,54.8965043,E38000215,CA2,Carlisle,Acute,North East and Yorkshire
barnsley_hospital,barnsley_hospital,RFFFA,Barnsley Hospital,S75 2EP,England,-1.4994944,53.5591496,E38000006,S75,Barnsley,Acute,North East and Yorkshire
west_cumberland_ho,west_cumberland_ho,RNBBX,West Cumberland Hospital,CA28 8JG,England,-3.5631756,54.5302041,E38000215,CA28,Copeland,Acute,North East and Yorkshire
doncaster_and_bass,NA,RP5DR0,Doncaster Royal Infirmary,DN2 5LT,England,-1.1089416,53.5308046,E38000044,DN2,Doncaster,Acute,North East and Yorkshire
leeds_teaching_hos,leeds_teaching_hos,RR,St James's University Hospital,LS9 7TF,England,-1.5203626,53.8068853,E38000225,LS9,Leeds,Acute,North East and Yorkshire
leeds_teaching_hos,leeds_teaching_hos,RR13,St James's University Hospital,LS9 7TF,England,-1.5203626,53.8068853,E38000225,LS9,Leeds,Acute,North East and Yorkshire
leeds_teaching_hos,leeds_teaching_hos,RR183,St James's University Hospital,LS9 7TF,England,-1.5203626,53.8068853,E38000225,LS9,Leeds,Acute,North East and Yorkshire
leeds_teaching_hos,leeds_teaching_hos,RR81,St James's University Hospital,LS9 7TF,England,-1.5203626,53.8068853,E38000225,LS9,Leeds,Acute,North East and Yorkshire
leeds_teaching_hos,NA,RR8136,St James's University Hospital,LS9 7TF,England,-1.5203626,53.8068853,E38000225,LS9,Leeds,Acute,North East and Yorkshire
leeds_teaching_hos,leeds_teaching_hos,RR831,St James's University Hospital,LS9 7TF,England,-1.5203626,53.8068853,E38000225,LS9,Leeds,Acute,North East and Yorkshire
leeds_teaching_hos,leeds_teaching_hos,RR8813,St James's University Hospital,LS9 7TF,England,-1.5203626,53.8068853,E38000225,LS9,Leeds,Acute,North East and Yorkshire
south_tees_hospita,south_tees_hospita,RTRTA,The James Cook University Hospital,TS4 3BW,England,-1.2148194,54.551768,E38000162,TS4,Middlesbrough,Acute,North East and Yorkshire
bradford_district,NA,TAD170,Lynfield Mount Hospital,BD9 6DP,England,-1.8053571,53.8097426,E38000019,BD9,Bradford,Mental,North East and Yorkshire
manchester_univers,manchester_univers,R0A0,Manchester Royal Infirmary,M13 9WL,England,-2.2277094,53.4624524,E38000217,M13,Manchester,Acute,North West
royal_liverpool__b,NA,RBQHQ0,Royal Liverpool University Hospital,L7 8XP,England,-2.9648086,53.409523,E38000101,L7,Liverpool,Acute,North West
wrightington_wigan,NA,RRF021,Royal Albert Edward Infirmary,WN1 2NN,England,-2.6290904,53.55775449999999,E38000205,WN1,Wigan,Acute,North West
university_hospita,NA,RTX,Queen Elizabeth University Hospital Birmingham,B15 2GW,England,-1.9429313,52.4512054,E38000220,B15,Birmingham,Acute,Midlands
north_west_borough,north_west_borough,RVT33,Hollins Park,WA2 8WA,England,-2.6068619,53.4295323,E38000194,WA2,Warrington,Community,North West
warrington_and_hal,warrington_and_hal,RWHHH,Warrington Hospital,WA5 1QG,England,-2.6107166,53.393989,E38000194,WA5,Warrington,Acute,North West
queen_elizabeth_uh,queen_elizabeth_uh,G404H,Queen Elizabeth University Hospital,G51 4TF,Scotland,-4.3381034,55.86264079999999,S08000031,G51,Glasgow,Acute,Scotland
queen_elizabeth_uh,queen_elizabeth_uh,G450H,Queen Elizabeth University Hospital,G51 4TF,Scotland,-4.3381034,55.86264079999999,S08000031,G51,Glasgow,Acute,Scotland
queen_elizabeth_uh,queen_elizabeth_uh,GN405,Queen Elizabeth University Hospital,G51 4TF,Scotland,-4.3381034,55.86264079999999,S08000031,G51,Glasgow,Acute,Scotland
nhs_lothian,nhs_lothian,S115H,Royal Infirmary Of Edinburgh At Little France,EH16 4SA,Scotland,-3.1359398,55.9217543,S08000024,EH16,Edinburgh,Acute,Scotland
nhs_lothian,nhs_lothian,S413H,Royal Infirmary Of Edinburgh At Little France,EH16 4SA,Scotland,-3.1359398,55.9217543,S08000024,EH16,Edinburgh,Acute,Scotland
east_kent_hospital,east_kent_hospital,RV009,William Harvey Hospital (Ashford),TN24 0LZ,England,0.9162398,51.1414898,E38000002,TN24,Ashford,Acute,South East
east_kent_hospital,east_kent_hospital,RVVKIC,William Harvey Hospital (Ashford),TN24 0LZ,England,0.9162398,51.1414898,E38000002,TN24,Ashford,Acute,South East
east_sussex_health,east_sussex_health,RXC1,Eastbourne District General Hospital,BN21 2UD,England,0.2711358,50.7869635,E38000055,BN21,Eastbourne,Acute,South East
cardiff_and_vale_u,cardiff_and_vale_u,7A4HI,University Hospital Of Wales,CF14 4XW,Wales,-3.1893688,51.5067653,W11000029,CF14,Cardiff,Acute,Wales
birmingham_womens,birmingham_womens,RG301,Birmingham Children's Hospital,B4 6NH,England,-1.8937492,52.4849097,E38000220,B4,Birmingham,Acute,Midlands
black_country_heal,NA,TAJ520,Penn Hospital,WV4 5HN,England,-95.9917164,36.1511407,E38000210,WV4,Wolverhampton,Mental,Midlands
university_hospitab,NA,RA7230,Leicester Royal Infirmary,LE1 5WW,England,-1.1359527,52.6268003,E38000097,LE1,Leicester,Acute,Midlands
